-- -------------------------------------------------------------
-- TablePlus 5.1.0(468)
--
-- https://tableplus.com/
--
-- Database: bonding
-- Generation Time: 2022-11-15 19:28:05.9810
-- -------------------------------------------------------------


/*!40101 SET @OLD_CHARACTER_SET_CLIENT=@@CHARACTER_SET_CLIENT */;
/*!40101 SET @OLD_CHARACTER_SET_RESULTS=@@CHARACTER_SET_RESULTS */;
/*!40101 SET @OLD_COLLATION_CONNECTION=@@COLLATION_CONNECTION */;
/*!40101 SET NAMES utf8mb4 */;
/*!40014 SET @OLD_UNIQUE_CHECKS=@@UNIQUE_CHECKS, UNIQUE_CHECKS=0 */;
/*!40014 SET @OLD_FOREIGN_KEY_CHECKS=@@FOREIGN_KEY_CHECKS, FOREIGN_KEY_CHECKS=0 */;
/*!40101 SET @OLD_SQL_MODE=@@SQL_MODE, SQL_MODE='NO_AUTO_VALUE_ON_ZERO' */;
/*!40111 SET @OLD_SQL_NOTES=@@SQL_NOTES, SQL_NOTES=0 */;


DROP TABLE IF EXISTS `award_tip`;
CREATE TABLE `award_tip` (
  `id` int(11) NOT NULL AUTO_INCREMENT COMMENT 'ID',
  `createTime` datetime(6) NOT NULL DEFAULT current_timestamp(6) COMMENT '創建時間',
  `updateTime` datetime(6) NOT NULL DEFAULT current_timestamp(6) ON UPDATE current_timestamp(6) COMMENT '更新時間',
  `title` varchar(255) COLLATE utf8mb4_unicode_ci NOT NULL COMMENT '標題',
  `content` varchar(255) COLLATE utf8mb4_unicode_ci NOT NULL COMMENT '內容',
  `publishDate` varchar(255) COLLATE utf8mb4_unicode_ci DEFAULT NULL COMMENT '排程日期',
  `status` varchar(255) COLLATE utf8mb4_unicode_ci NOT NULL DEFAULT 'draft' COMMENT '狀態',
  PRIMARY KEY (`id`),
  KEY `IDX_dae815d71dfe420302661f46e6` (`createTime`),
  KEY `IDX_db49b86f2dd640c40e9fab804c` (`updateTime`)
) ENGINE=InnoDB AUTO_INCREMENT=3 DEFAULT CHARSET=utf8mb4 COLLATE=utf8mb4_unicode_ci;

DROP TABLE IF EXISTS `award_tip_category`;
CREATE TABLE `award_tip_category` (
  `awardTipId` int(11) NOT NULL,
  `industryCategoryId` int(11) NOT NULL,
  PRIMARY KEY (`awardTipId`,`industryCategoryId`),
  KEY `IDX_87f84a1fdcf928032b0dd22605` (`awardTipId`),
  KEY `IDX_aa35d86677050492d195ce958f` (`industryCategoryId`),
  CONSTRAINT `FK_87f84a1fdcf928032b0dd22605e` FOREIGN KEY (`awardTipId`) REFERENCES `award_tip` (`id`) ON DELETE CASCADE ON UPDATE CASCADE,
  CONSTRAINT `FK_aa35d86677050492d195ce958f9` FOREIGN KEY (`industryCategoryId`) REFERENCES `industry_category` (`id`) ON DELETE NO ACTION ON UPDATE NO ACTION
) ENGINE=InnoDB DEFAULT CHARSET=utf8mb4 COLLATE=utf8mb4_unicode_ci;

DROP TABLE IF EXISTS `award_tip_collection`;
CREATE TABLE `award_tip_collection` (
  `id` int(11) NOT NULL AUTO_INCREMENT COMMENT 'ID',
  `createTime` datetime(6) NOT NULL DEFAULT current_timestamp(6) COMMENT '創建時間',
  `updateTime` datetime(6) NOT NULL DEFAULT current_timestamp(6) ON UPDATE current_timestamp(6) COMMENT '更新時間',
  `awardTipId` int(11) DEFAULT NULL COMMENT 'ID',
  `userId` int(11) DEFAULT NULL COMMENT 'ID',
  PRIMARY KEY (`id`),
  KEY `IDX_eb8cd0d3bab0963599c12aa42b` (`createTime`),
  KEY `IDX_a84fa02b5a72f191ff1047a0a2` (`updateTime`),
  KEY `FK_ca917bcb2a3d0bb5dbec70ffdff` (`awardTipId`),
  KEY `FK_fc0300ae03194150782492b0980` (`userId`),
  CONSTRAINT `FK_ca917bcb2a3d0bb5dbec70ffdff` FOREIGN KEY (`awardTipId`) REFERENCES `award_tip` (`id`) ON DELETE NO ACTION ON UPDATE NO ACTION,
  CONSTRAINT `FK_fc0300ae03194150782492b0980` FOREIGN KEY (`userId`) REFERENCES `base_sys_user` (`id`) ON DELETE NO ACTION ON UPDATE NO ACTION
) ENGINE=InnoDB DEFAULT CHARSET=utf8mb4 COLLATE=utf8mb4_unicode_ci;

DROP TABLE IF EXISTS `award_tip_view`;
CREATE TABLE `award_tip_view` (
  `id` int(11) NOT NULL AUTO_INCREMENT COMMENT 'ID',
  `createTime` datetime(6) NOT NULL DEFAULT current_timestamp(6) COMMENT '創建時間',
  `updateTime` datetime(6) NOT NULL DEFAULT current_timestamp(6) ON UPDATE current_timestamp(6) COMMENT '更新時間',
  `userId` int(11) DEFAULT NULL COMMENT 'ID',
  `awardTipId` int(11) DEFAULT NULL COMMENT 'ID',
  PRIMARY KEY (`id`),
  KEY `IDX_bbcccb0fee5e8f861d80bf7c95` (`createTime`),
  KEY `IDX_d1767b7c075fb2bbdae6ed329e` (`updateTime`),
  KEY `FK_35cea6be22a229c502cb93e0a92` (`awardTipId`),
  KEY `FK_8fd6c2ad439a21e4bc368a97930` (`userId`),
  CONSTRAINT `FK_35cea6be22a229c502cb93e0a92` FOREIGN KEY (`awardTipId`) REFERENCES `award_tip` (`id`) ON DELETE NO ACTION ON UPDATE NO ACTION,
  CONSTRAINT `FK_8fd6c2ad439a21e4bc368a97930` FOREIGN KEY (`userId`) REFERENCES `base_sys_user` (`id`) ON DELETE NO ACTION ON UPDATE NO ACTION
) ENGINE=InnoDB DEFAULT CHARSET=utf8mb4 COLLATE=utf8mb4_unicode_ci;

DROP TABLE IF EXISTS `base_sys_conf`;
CREATE TABLE `base_sys_conf` (
  `id` int(11) NOT NULL AUTO_INCREMENT COMMENT 'ID',
  `createTime` datetime(6) NOT NULL DEFAULT current_timestamp(6) COMMENT '創建時間',
  `updateTime` datetime(6) NOT NULL DEFAULT current_timestamp(6) ON UPDATE current_timestamp(6) COMMENT '更新時間',
  `cKey` varchar(255) NOT NULL COMMENT '配置键',
  `cValue` varchar(255) NOT NULL COMMENT '配置值',
  PRIMARY KEY (`id`),
  UNIQUE KEY `IDX_9be195d27767b4485417869c3a` (`cKey`),
  KEY `IDX_905208f206a3ff9fd513421971` (`createTime`),
  KEY `IDX_4c6f27f6ecefe51a5a196a047a` (`updateTime`)
) ENGINE=InnoDB AUTO_INCREMENT=2 DEFAULT CHARSET=utf8mb4;

DROP TABLE IF EXISTS `base_sys_department`;
CREATE TABLE `base_sys_department` (
  `id` int(11) NOT NULL AUTO_INCREMENT COMMENT 'ID',
  `createTime` datetime(6) NOT NULL DEFAULT current_timestamp(6) COMMENT '創建時間',
  `updateTime` datetime(6) NOT NULL DEFAULT current_timestamp(6) ON UPDATE current_timestamp(6) COMMENT '更新時間',
  `name` varchar(255) NOT NULL COMMENT '部门名称',
  `parentId` bigint(20) DEFAULT NULL COMMENT '上级部门ID',
  `orderNum` int(11) NOT NULL DEFAULT 0 COMMENT '排序',
  PRIMARY KEY (`id`),
  KEY `IDX_be4c53cd671384fa588ca9470a` (`createTime`),
  KEY `IDX_ca1473a793961ec55bc0c8d268` (`updateTime`)
) ENGINE=InnoDB AUTO_INCREMENT=19 DEFAULT CHARSET=utf8mb4;

DROP TABLE IF EXISTS `base_sys_log`;
CREATE TABLE `base_sys_log` (
  `id` int(11) NOT NULL AUTO_INCREMENT COMMENT 'ID',
  `createTime` datetime(6) NOT NULL DEFAULT current_timestamp(6) COMMENT '創建時間',
  `updateTime` datetime(6) NOT NULL DEFAULT current_timestamp(6) ON UPDATE current_timestamp(6) COMMENT '更新時間',
  `userId` bigint(20) DEFAULT NULL COMMENT '用户ID',
  `action` varchar(100) NOT NULL COMMENT '行为',
  `ip` varchar(50) DEFAULT NULL COMMENT 'ip',
  `ipAddr` varchar(50) DEFAULT NULL COMMENT 'ip地址',
  `params` longtext DEFAULT NULL COMMENT '参数',
  PRIMARY KEY (`id`),
  KEY `IDX_51a2caeb5713efdfcb343a8772` (`userId`),
  KEY `IDX_938f886fb40e163db174b7f6c3` (`action`),
  KEY `IDX_24e18767659f8c7142580893f2` (`ip`),
  KEY `IDX_a03a27f75cf8d502b3060823e1` (`ipAddr`),
  KEY `IDX_c9382b76219a1011f7b8e7bcd1` (`createTime`),
  KEY `IDX_bfd44e885b470da43bcc39aaa7` (`updateTime`)
) ENGINE=InnoDB AUTO_INCREMENT=1563 DEFAULT CHARSET=utf8mb4;

DROP TABLE IF EXISTS `base_sys_menu`;
CREATE TABLE `base_sys_menu` (
  `id` int(11) NOT NULL AUTO_INCREMENT COMMENT 'ID',
  `createTime` datetime(6) NOT NULL DEFAULT current_timestamp(6) COMMENT '創建時間',
  `updateTime` datetime(6) NOT NULL DEFAULT current_timestamp(6) ON UPDATE current_timestamp(6) COMMENT '更新時間',
  `parentId` bigint(20) DEFAULT NULL COMMENT '父菜单ID',
  `name` varchar(255) NOT NULL COMMENT '菜单名称',
  `router` varchar(255) DEFAULT NULL COMMENT '菜单地址',
  `perms` varchar(255) DEFAULT NULL COMMENT '权限标识',
  `type` tinyint(4) NOT NULL DEFAULT 0 COMMENT '类型 0：目录 1：菜单 2：按钮',
  `icon` varchar(255) DEFAULT NULL COMMENT '图标',
  `orderNum` int(11) NOT NULL DEFAULT 0 COMMENT '排序',
  `viewPath` varchar(255) DEFAULT NULL COMMENT '视图地址',
  `keepAlive` tinyint(4) NOT NULL DEFAULT 1 COMMENT '路由缓存',
  `isShow` tinyint(4) NOT NULL DEFAULT 1 COMMENT '是否显示',
  PRIMARY KEY (`id`),
  KEY `IDX_05e3d6a56604771a6da47ebf8e` (`createTime`),
  KEY `IDX_d5203f18daaf7c3fe0ab34497f` (`updateTime`)
) ENGINE=InnoDB AUTO_INCREMENT=202 DEFAULT CHARSET=utf8mb4;

DROP TABLE IF EXISTS `base_sys_param`;
CREATE TABLE `base_sys_param` (
  `id` int(11) NOT NULL AUTO_INCREMENT COMMENT 'ID',
  `createTime` datetime(6) NOT NULL DEFAULT current_timestamp(6) COMMENT '創建時間',
  `updateTime` datetime(6) NOT NULL DEFAULT current_timestamp(6) ON UPDATE current_timestamp(6) COMMENT '更新時間',
  `keyName` varchar(255) NOT NULL COMMENT '键位',
  `name` varchar(255) NOT NULL COMMENT '名称',
  `data` text NOT NULL COMMENT '数据',
  `dataType` tinyint(4) NOT NULL DEFAULT 0 COMMENT '数据类型 0:字符串 1：数组 2：键值对',
  `remark` varchar(255) DEFAULT NULL COMMENT '备注',
  PRIMARY KEY (`id`),
  KEY `IDX_cf19b5e52d8c71caa9c4534454` (`keyName`),
  KEY `IDX_7bcb57371b481d8e2d66ddeaea` (`createTime`),
  KEY `IDX_479122e3bf464112f7a7253dac` (`updateTime`)
) ENGINE=InnoDB AUTO_INCREMENT=3 DEFAULT CHARSET=utf8mb4;

DROP TABLE IF EXISTS `base_sys_role`;
CREATE TABLE `base_sys_role` (
  `id` int(11) NOT NULL AUTO_INCREMENT COMMENT 'ID',
  `createTime` datetime(6) NOT NULL DEFAULT current_timestamp(6) COMMENT '創建時間',
  `updateTime` datetime(6) NOT NULL DEFAULT current_timestamp(6) ON UPDATE current_timestamp(6) COMMENT '更新時間',
  `userId` varchar(255) NOT NULL COMMENT '用户ID',
  `name` varchar(255) NOT NULL COMMENT '名称',
  `label` varchar(50) DEFAULT NULL COMMENT '角色标签',
  `remark` varchar(255) DEFAULT NULL COMMENT '备注',
  `relevance` int(11) NOT NULL DEFAULT 1 COMMENT '数据权限是否关联上下级',
  PRIMARY KEY (`id`),
  UNIQUE KEY `IDX_469d49a5998170e9550cf113da` (`name`),
  UNIQUE KEY `IDX_f3f24fbbccf00192b076e549a7` (`label`),
  KEY `IDX_6f01184441dec49207b41bfd92` (`createTime`),
  KEY `IDX_d64ca209f3fc52128d9b20e97b` (`updateTime`)
) ENGINE=InnoDB AUTO_INCREMENT=16 DEFAULT CHARSET=utf8mb4;

DROP TABLE IF EXISTS `base_sys_role_department`;
CREATE TABLE `base_sys_role_department` (
  `id` int(11) NOT NULL AUTO_INCREMENT COMMENT 'ID',
  `createTime` datetime(6) NOT NULL DEFAULT current_timestamp(6) COMMENT '創建時間',
  `updateTime` datetime(6) NOT NULL DEFAULT current_timestamp(6) ON UPDATE current_timestamp(6) COMMENT '更新時間',
  `roleId` bigint(20) NOT NULL COMMENT '角色ID',
  `departmentId` bigint(20) NOT NULL COMMENT '部门ID',
  PRIMARY KEY (`id`),
  KEY `IDX_e881a66f7cce83ba431cf20194` (`createTime`),
  KEY `IDX_cbf48031efee5d0de262965e53` (`updateTime`)
) ENGINE=InnoDB AUTO_INCREMENT=39 DEFAULT CHARSET=utf8mb4;

DROP TABLE IF EXISTS `base_sys_role_menu`;
CREATE TABLE `base_sys_role_menu` (
  `id` int(11) NOT NULL AUTO_INCREMENT COMMENT 'ID',
  `createTime` datetime(6) NOT NULL DEFAULT current_timestamp(6) COMMENT '創建時間',
  `updateTime` datetime(6) NOT NULL DEFAULT current_timestamp(6) ON UPDATE current_timestamp(6) COMMENT '更新時間',
  `roleId` bigint(20) NOT NULL COMMENT '角色ID',
  `menuId` bigint(20) NOT NULL COMMENT '菜单ID',
  PRIMARY KEY (`id`),
  KEY `IDX_3641f81d4201c524a57ce2aa54` (`createTime`),
  KEY `IDX_f860298298b26e7a697be36e5b` (`updateTime`)
) ENGINE=InnoDB AUTO_INCREMENT=912 DEFAULT CHARSET=utf8mb4;

DROP TABLE IF EXISTS `base_sys_user`;
CREATE TABLE `base_sys_user` (
  `id` int(11) NOT NULL AUTO_INCREMENT COMMENT 'ID',
  `createTime` datetime(6) NOT NULL DEFAULT current_timestamp(6) COMMENT '創建時間',
  `updateTime` datetime(6) NOT NULL DEFAULT current_timestamp(6) ON UPDATE current_timestamp(6) COMMENT '更新時間',
  `departmentId` bigint(20) DEFAULT NULL COMMENT '部門ID',
  `username` varchar(100) NOT NULL COMMENT '用戶名',
  `password` varchar(255) NOT NULL COMMENT '密碼',
  `passwordV` int(11) NOT NULL DEFAULT 1 COMMENT '密碼版本, 作用是改完密碼, 讓原來的token失效',
  `phone` varchar(20) DEFAULT NULL COMMENT '電話(帶區碼)',
  `email` varchar(255) DEFAULT NULL COMMENT 'Email',
  `socketId` varchar(255) DEFAULT NULL COMMENT 'socketId',
  `createBy` bigint(20) NOT NULL COMMENT '建立用戶ID',
  `updateBy` bigint(20) NOT NULL COMMENT '更新用戶ID',
  `status` enum('normal','suspend','delete') NOT NULL DEFAULT 'normal',
  `firstName` varchar(255) NOT NULL COMMENT '姓',
  `lastName` varchar(255) NOT NULL COMMENT '名',
  `idCard` varchar(255) DEFAULT NULL COMMENT '身分證',
  `birthday` varchar(255) DEFAULT NULL COMMENT '生日',
  `headImg` varchar(255) DEFAULT NULL COMMENT '頭像',
  `gender` enum('male','female','intersex') NOT NULL,
  `remark` varchar(255) DEFAULT NULL COMMENT '備注',
  `intro` varchar(255) DEFAULT NULL COMMENT '簡介',
  `deleteBy` bigint(20) DEFAULT NULL COMMENT '刪除用戶ID',
  `deleteTime` datetime(6) DEFAULT NULL COMMENT '刪除時間',
  `emailVerify` enum('unverified','verify','pending') NOT NULL DEFAULT 'unverified',
  `identifyVerify` enum('unverified','pending','rejected','verify') NOT NULL DEFAULT 'unverified',
  PRIMARY KEY (`id`),
  UNIQUE KEY `IDX_469ad55973f5b98930f6ad627b` (`username`),
  UNIQUE KEY `IDX_400a3f7d29883f1ace87ff93d3` (`email`),
  UNIQUE KEY `IDX_9ec6d7ac6337eafb070e4881a8` (`phone`),
  UNIQUE KEY `IDX_a8903023c24cf63cdb21db4cd8` (`idCard`),
  KEY `IDX_0cf944da378d70a94f5fefd803` (`departmentId`),
  KEY `IDX_ca8611d15a63d52aa4e292e46a` (`createTime`),
  KEY `IDX_a0f2f19cee18445998ece93ddd` (`updateTime`),
  KEY `IDX_d264b9f0e4ae49a17a7150d93e` (`createBy`),
  KEY `IDX_06ca72f509a1ac2cf339c9d917` (`updateBy`),
  KEY `IDX_2313dc36bdabec27461abe0264` (`deleteBy`)
) ENGINE=InnoDB AUTO_INCREMENT=62 DEFAULT CHARSET=utf8mb4;

DROP TABLE IF EXISTS `base_sys_user_identity`;
CREATE TABLE `base_sys_user_identity` (
  `id` int(11) NOT NULL AUTO_INCREMENT COMMENT 'ID',
  `createTime` datetime(6) NOT NULL DEFAULT current_timestamp(6) COMMENT '創建時間',
  `updateTime` datetime(6) NOT NULL DEFAULT current_timestamp(6) ON UPDATE current_timestamp(6) COMMENT '更新時間',
  `positive` varchar(255) COLLATE utf8mb4_unicode_ci NOT NULL COMMENT '正面照',
  `negative` varchar(255) COLLATE utf8mb4_unicode_ci NOT NULL COMMENT '背面照',
  `userId` bigint(20) NOT NULL COMMENT '用戶ID',
  `createBy` bigint(20) NOT NULL COMMENT '建立用戶ID',
  `updateBy` bigint(20) NOT NULL COMMENT '更新用戶ID',
  `idCard` varchar(255) COLLATE utf8mb4_unicode_ci NOT NULL COMMENT '身分證號',
  PRIMARY KEY (`id`),
  UNIQUE KEY `IDX_937215ab83a5d4ea78a9c95328` (`userId`),
  KEY `IDX_a0da48c942110aeaced4cb0bbe` (`createTime`),
  KEY `IDX_d7c1586a1672effb311225f3d1` (`updateTime`),
  KEY `IDX_7b94ece1304851fe39cab141d2` (`createBy`),
  KEY `IDX_bc39816e16e7da41e040ba5bf0` (`updateBy`)
) ENGINE=InnoDB AUTO_INCREMENT=10 DEFAULT CHARSET=utf8mb4 COLLATE=utf8mb4_unicode_ci;

DROP TABLE IF EXISTS `base_sys_user_role`;
CREATE TABLE `base_sys_user_role` (
  `id` int(11) NOT NULL AUTO_INCREMENT COMMENT 'ID',
  `createTime` datetime(6) NOT NULL DEFAULT current_timestamp(6) COMMENT '創建時間',
  `updateTime` datetime(6) NOT NULL DEFAULT current_timestamp(6) ON UPDATE current_timestamp(6) COMMENT '更新時間',
  `userId` bigint(20) NOT NULL COMMENT '用户ID',
  `roleId` bigint(20) NOT NULL COMMENT '角色ID',
  PRIMARY KEY (`id`),
  KEY `IDX_fa9555e03e42fce748c9046b1c` (`createTime`),
  KEY `IDX_3e36c0d2b1a4c659c6b4fc64b3` (`updateTime`)
) ENGINE=InnoDB AUTO_INCREMENT=102 DEFAULT CHARSET=utf8mb4;

DROP TABLE IF EXISTS `collection_article`;
CREATE TABLE `collection_article` (
  `id` int(11) NOT NULL AUTO_INCREMENT COMMENT 'ID',
  `createTime` datetime(6) NOT NULL DEFAULT current_timestamp(6) COMMENT '創建時間',
  `updateTime` datetime(6) NOT NULL DEFAULT current_timestamp(6) ON UPDATE current_timestamp(6) COMMENT '更新時間',
  `articleId` bigint(20) NOT NULL COMMENT '文章ID',
  `userId` bigint(20) NOT NULL COMMENT '用戶ID',
  PRIMARY KEY (`id`),
  KEY `IDX_58d24a12c7c68fabafae201fe6` (`createTime`),
  KEY `IDX_f669b717c78d169aa15b210ac7` (`updateTime`)
) ENGINE=InnoDB DEFAULT CHARSET=utf8mb4 COLLATE=utf8mb4_unicode_ci;

DROP TABLE IF EXISTS `collection_award_tip`;
CREATE TABLE `collection_award_tip` (
  `id` int(11) NOT NULL AUTO_INCREMENT COMMENT 'ID',
  `createTime` datetime(6) NOT NULL DEFAULT current_timestamp(6) COMMENT '創建時間',
  `updateTime` datetime(6) NOT NULL DEFAULT current_timestamp(6) ON UPDATE current_timestamp(6) COMMENT '更新時間',
  `awardTipId` bigint(20) NOT NULL COMMENT '文章ID',
  `userId` bigint(20) NOT NULL COMMENT '用戶ID',
  PRIMARY KEY (`id`),
  KEY `IDX_304d238e534bea8304c9dfeea0` (`createTime`),
  KEY `IDX_e79c40c96f0bbd11b7c9a4295a` (`updateTime`)
) ENGINE=InnoDB DEFAULT CHARSET=utf8mb4 COLLATE=utf8mb4_unicode_ci;

DROP TABLE IF EXISTS `collection_tip`;
CREATE TABLE `collection_tip` (
  `id` int(11) NOT NULL AUTO_INCREMENT COMMENT 'ID',
  `createTime` datetime(6) NOT NULL DEFAULT current_timestamp(6) COMMENT '創建時間',
  `updateTime` datetime(6) NOT NULL DEFAULT current_timestamp(6) ON UPDATE current_timestamp(6) COMMENT '更新時間',
  `tipId` bigint(20) NOT NULL COMMENT '小知識ID',
  `userId` bigint(20) NOT NULL COMMENT '用戶ID',
  PRIMARY KEY (`id`),
  KEY `IDX_45fcdb95d6b5d636f814fd1d33` (`createTime`),
  KEY `IDX_6d49b67b022e19c26902cbe79b` (`updateTime`)
) ENGINE=InnoDB DEFAULT CHARSET=utf8mb4 COLLATE=utf8mb4_unicode_ci;

DROP TABLE IF EXISTS `industry_category`;
CREATE TABLE `industry_category` (
  `id` int(11) NOT NULL AUTO_INCREMENT COMMENT 'ID',
  `createTime` datetime(6) NOT NULL DEFAULT current_timestamp(6) COMMENT '創建時間',
  `updateTime` datetime(6) NOT NULL DEFAULT current_timestamp(6) ON UPDATE current_timestamp(6) COMMENT '更新時間',
  `name` varchar(255) COLLATE utf8mb4_unicode_ci NOT NULL COMMENT '分類名稱',
  `description` varchar(255) COLLATE utf8mb4_unicode_ci DEFAULT NULL COMMENT '分類描述',
  `slug` varchar(255) COLLATE utf8mb4_unicode_ci NOT NULL COMMENT '分類代稱',
  `parentId` int(11) DEFAULT NULL COMMENT '上層分類',
  `icon` varchar(255) COLLATE utf8mb4_unicode_ci DEFAULT NULL COMMENT 'Icon',
  `orderNum` int(11) DEFAULT NULL COMMENT '排序號',
  PRIMARY KEY (`id`),
  UNIQUE KEY `IDX_9f26e3c0d649615ec7849aea05` (`name`),
  UNIQUE KEY `IDX_e1ac4d7245b7ddca94c319ddb6` (`slug`),
  KEY `IDX_81fc5e3804320468d01bf78ee9` (`createTime`),
  KEY `IDX_30a9d37811e3ccea0e65d93fc0` (`updateTime`)
) ENGINE=InnoDB AUTO_INCREMENT=37 DEFAULT CHARSET=utf8mb4 COLLATE=utf8mb4_unicode_ci;

DROP TABLE IF EXISTS `news_article`;
CREATE TABLE `news_article` (
  `id` int(11) NOT NULL AUTO_INCREMENT COMMENT 'ID',
  `createTime` datetime(6) NOT NULL DEFAULT current_timestamp(6) COMMENT '創建時間',
  `updateTime` datetime(6) NOT NULL DEFAULT current_timestamp(6) ON UPDATE current_timestamp(6) COMMENT '更新時間',
  `title` varchar(255) COLLATE utf8mb4_unicode_ci NOT NULL COMMENT '標題',
  `thumbnail` varchar(255) COLLATE utf8mb4_unicode_ci DEFAULT NULL COMMENT '縮圖',
  `commentOpen` tinyint(4) NOT NULL DEFAULT 1 COMMENT '開啟評論',
  `slug` varchar(255) COLLATE utf8mb4_unicode_ci NOT NULL COMMENT '代稱',
  `publishTime` datetime DEFAULT NULL COMMENT '發布時間',
  `createBy` bigint(20) NOT NULL COMMENT '建立用戶ID',
  `updateBy` bigint(20) NOT NULL COMMENT '更新用戶ID',
  `deleteBy` bigint(20) DEFAULT NULL COMMENT '刪除用戶ID',
  `deleteTime` datetime(6) DEFAULT NULL COMMENT '刪除時間',
  `status` enum('draft','pending','reject','published','delete','schedule') COLLATE utf8mb4_unicode_ci NOT NULL DEFAULT 'draft',
  `metaTitle` varchar(255) COLLATE utf8mb4_unicode_ci DEFAULT NULL COMMENT 'meta標題',
  `content` mediumtext COLLATE utf8mb4_unicode_ci NOT NULL COMMENT '完整文章',
  `metaDescription` varchar(255) COLLATE utf8mb4_unicode_ci DEFAULT NULL COMMENT 'meta描述',
  `authorId` int(11) DEFAULT NULL COMMENT '作者ID',
  `isTop` tinyint(4) NOT NULL DEFAULT 0 COMMENT '置頂新聞',
  `isHot` tinyint(4) NOT NULL DEFAULT 0 COMMENT '熱門新聞',
  `type` enum('normal','video') COLLATE utf8mb4_unicode_ci NOT NULL DEFAULT 'normal',
  `videoUrl` varchar(255) COLLATE utf8mb4_unicode_ci DEFAULT NULL COMMENT '影片網址',
  `content_preview` mediumtext COLLATE utf8mb4_unicode_ci NOT NULL COMMENT '預覽內容',
  `excerpt` mediumtext COLLATE utf8mb4_unicode_ci DEFAULT NULL COMMENT '摘錄',
  PRIMARY KEY (`id`),
  UNIQUE KEY `IDX_c6bbfb15842493169f3e616fab` (`slug`),
  KEY `IDX_b7b4846ec5875b3dc81f5ac7f4` (`createTime`),
  KEY `IDX_902afd9ace5423046d21f494f0` (`updateTime`),
  KEY `IDX_1d3e381e731aa621ec5a603344` (`createBy`),
  KEY `IDX_bb27ae67761c4b2e9b88613f51` (`updateBy`),
  KEY `IDX_39edf5217ba60642cfc03aab6d` (`deleteBy`),
  KEY `IDX_ff0cb9036098cdbad4f8e5a2a3` (`title`)
) ENGINE=InnoDB AUTO_INCREMENT=27 DEFAULT CHARSET=utf8mb4 COLLATE=utf8mb4_unicode_ci;

DROP TABLE IF EXISTS `news_article_category`;
CREATE TABLE `news_article_category` (
  `id` int(11) NOT NULL AUTO_INCREMENT COMMENT 'ID',
  `createTime` datetime(6) NOT NULL DEFAULT current_timestamp(6) COMMENT '創建時間',
  `updateTime` datetime(6) NOT NULL DEFAULT current_timestamp(6) ON UPDATE current_timestamp(6) COMMENT '更新時間',
  `articleId` bigint(20) NOT NULL COMMENT '文章ID',
  `categoryId` bigint(20) NOT NULL COMMENT '分類ID',
  PRIMARY KEY (`id`),
  KEY `IDX_0416b2346e597f06ff372de297` (`createTime`),
  KEY `IDX_cd1f3e05b74cce06fa7826037d` (`updateTime`)
) ENGINE=InnoDB AUTO_INCREMENT=145 DEFAULT CHARSET=utf8mb4 COLLATE=utf8mb4_unicode_ci;

DROP TABLE IF EXISTS `news_article_collection`;
CREATE TABLE `news_article_collection` (
  `id` int(11) NOT NULL AUTO_INCREMENT COMMENT 'ID',
  `createTime` datetime(6) NOT NULL DEFAULT current_timestamp(6) COMMENT '創建時間',
  `updateTime` datetime(6) NOT NULL DEFAULT current_timestamp(6) ON UPDATE current_timestamp(6) COMMENT '更新時間',
  `articleId` bigint(20) NOT NULL COMMENT '文章ID',
  `userId` bigint(20) NOT NULL COMMENT '用戶ID',
  PRIMARY KEY (`id`),
  KEY `IDX_e6a898e0eaba2bc4a78335fc3c` (`createTime`),
  KEY `IDX_025cdbad16c922f9cfac3fefb3` (`updateTime`)
) ENGINE=InnoDB AUTO_INCREMENT=28 DEFAULT CHARSET=utf8mb4 COLLATE=utf8mb4_unicode_ci;

DROP TABLE IF EXISTS `news_article_like`;
CREATE TABLE `news_article_like` (
  `id` int(11) NOT NULL AUTO_INCREMENT COMMENT 'ID',
  `createTime` datetime(6) NOT NULL DEFAULT current_timestamp(6) COMMENT '創建時間',
  `updateTime` datetime(6) NOT NULL DEFAULT current_timestamp(6) ON UPDATE current_timestamp(6) COMMENT '更新時間',
  `articleId` bigint(20) NOT NULL COMMENT '文章ID',
  `userId` bigint(20) NOT NULL COMMENT '用戶ID',
  PRIMARY KEY (`id`),
  KEY `IDX_b9204c3ff90d945591cdfaa628` (`createTime`),
  KEY `IDX_a753f2bbb362a608bcec8d2c00` (`updateTime`)
) ENGINE=InnoDB AUTO_INCREMENT=71 DEFAULT CHARSET=utf8mb4 COLLATE=utf8mb4_unicode_ci;

DROP TABLE IF EXISTS `news_article_view`;
CREATE TABLE `news_article_view` (
  `id` int(11) NOT NULL AUTO_INCREMENT COMMENT 'ID',
  `createTime` datetime(6) NOT NULL DEFAULT current_timestamp(6) COMMENT '創建時間',
  `updateTime` datetime(6) NOT NULL DEFAULT current_timestamp(6) ON UPDATE current_timestamp(6) COMMENT '更新時間',
  `articleId` bigint(20) NOT NULL COMMENT '文章ID',
  `userId` bigint(20) NOT NULL COMMENT '用戶ID',
  `count` bigint(20) NOT NULL COMMENT 'count',
  PRIMARY KEY (`id`),
  KEY `IDX_eb9555c1591ca3ba5b5684f08e` (`createTime`),
  KEY `IDX_d9f3a6f6b7000d28075b946150` (`updateTime`)
) ENGINE=InnoDB AUTO_INCREMENT=390 DEFAULT CHARSET=utf8mb4 COLLATE=utf8mb4_unicode_ci;

DROP TABLE IF EXISTS `news_comment`;
CREATE TABLE `news_comment` (
  `id` int(11) NOT NULL AUTO_INCREMENT COMMENT 'ID',
  `createTime` datetime(6) NOT NULL DEFAULT current_timestamp(6) COMMENT '創建時間',
  `updateTime` datetime(6) NOT NULL DEFAULT current_timestamp(6) ON UPDATE current_timestamp(6) COMMENT '更新時間',
  `createBy` bigint(20) NOT NULL COMMENT '建立用戶ID',
  `updateBy` bigint(20) NOT NULL COMMENT '更新用戶ID',
  `deleteBy` bigint(20) DEFAULT NULL COMMENT '刪除用戶ID',
  `deleteTime` datetime(6) DEFAULT NULL COMMENT '刪除時間',
  `content` varchar(255) COLLATE utf8mb4_unicode_ci NOT NULL COMMENT '內容',
  `articleId` bigint(20) NOT NULL COMMENT '文章ID',
  `parentId` bigint(20) DEFAULT NULL COMMENT '父ID',
  `ip` varchar(50) COLLATE utf8mb4_unicode_ci DEFAULT NULL COMMENT 'ip',
  `ipAddr` varchar(50) COLLATE utf8mb4_unicode_ci DEFAULT NULL COMMENT 'ip地址',
  PRIMARY KEY (`id`),
  KEY `IDX_81d8221c5139f5a00795e4dd3a` (`createTime`),
  KEY `IDX_84c2537550971c57cf909b8e8d` (`updateTime`),
  KEY `IDX_7e38467cc7ad60351701fbe03c` (`createBy`),
  KEY `IDX_b27a10c6c06ff89fae9ef3d9ed` (`updateBy`),
  KEY `IDX_b060795bbfc06659628c01f82d` (`deleteBy`),
  KEY `IDX_2483843be6a021565c5c5e97c0` (`ip`),
  KEY `IDX_7fd311599f53bb51d61d55b02e` (`ipAddr`)
) ENGINE=InnoDB AUTO_INCREMENT=40 DEFAULT CHARSET=utf8mb4 COLLATE=utf8mb4_unicode_ci;

DROP TABLE IF EXISTS `news_comment_like`;
CREATE TABLE `news_comment_like` (
  `id` int(11) NOT NULL AUTO_INCREMENT COMMENT 'ID',
  `createTime` datetime(6) NOT NULL DEFAULT current_timestamp(6) COMMENT '創建時間',
  `updateTime` datetime(6) NOT NULL DEFAULT current_timestamp(6) ON UPDATE current_timestamp(6) COMMENT '更新時間',
  `commentId` bigint(20) NOT NULL COMMENT '留言ID',
  `userId` bigint(20) NOT NULL COMMENT '用戶ID',
  `articleId` bigint(20) NOT NULL COMMENT '文章ID',
  PRIMARY KEY (`id`),
  KEY `IDX_84e6b703c6cc0742aa879e140b` (`createTime`),
  KEY `IDX_2f129025b265ccc9f71ce067d5` (`updateTime`)
) ENGINE=InnoDB AUTO_INCREMENT=35 DEFAULT CHARSET=utf8mb4 COLLATE=utf8mb4_unicode_ci;

DROP TABLE IF EXISTS `space_info`;
CREATE TABLE `space_info` (
  `id` int(11) NOT NULL AUTO_INCREMENT COMMENT 'ID',
  `createTime` datetime(6) NOT NULL DEFAULT current_timestamp(6) COMMENT '創建時間',
  `updateTime` datetime(6) NOT NULL DEFAULT current_timestamp(6) ON UPDATE current_timestamp(6) COMMENT '更新時間',
  `url` varchar(255) COLLATE utf8mb4_unicode_ci NOT NULL COMMENT '地址',
  `type` varchar(255) COLLATE utf8mb4_unicode_ci NOT NULL COMMENT '类型',
  `classifyId` bigint(20) DEFAULT NULL COMMENT '分类ID',
  PRIMARY KEY (`id`),
  KEY `IDX_eb1da2f304c760846b5add09b3` (`createTime`),
  KEY `IDX_d7a2539961e9aacba8b353f3c9` (`updateTime`)
) ENGINE=InnoDB AUTO_INCREMENT=7 DEFAULT CHARSET=utf8mb4 COLLATE=utf8mb4_unicode_ci;

DROP TABLE IF EXISTS `space_type`;
CREATE TABLE `space_type` (
  `id` int(11) NOT NULL AUTO_INCREMENT COMMENT 'ID',
  `createTime` datetime(6) NOT NULL DEFAULT current_timestamp(6) COMMENT '創建時間',
  `updateTime` datetime(6) NOT NULL DEFAULT current_timestamp(6) ON UPDATE current_timestamp(6) COMMENT '更新時間',
  `name` varchar(255) COLLATE utf8mb4_unicode_ci NOT NULL COMMENT '类别名称',
  `parentId` tinyint(4) DEFAULT NULL COMMENT '父分类ID',
  PRIMARY KEY (`id`),
  KEY `IDX_6669449501d275f367ca295472` (`createTime`),
  KEY `IDX_0749b509b68488caecd4cc2bbc` (`updateTime`)
) ENGINE=InnoDB AUTO_INCREMENT=3 DEFAULT CHARSET=utf8mb4 COLLATE=utf8mb4_unicode_ci;

DROP TABLE IF EXISTS `task_info`;
CREATE TABLE `task_info` (
  `id` int(11) NOT NULL AUTO_INCREMENT COMMENT 'ID',
  `createTime` datetime(6) NOT NULL DEFAULT current_timestamp(6) COMMENT '創建時間',
  `updateTime` datetime(6) NOT NULL DEFAULT current_timestamp(6) ON UPDATE current_timestamp(6) COMMENT '更新時間',
  `jobId` varchar(255) COLLATE utf8mb4_unicode_ci DEFAULT NULL COMMENT '任務ID',
  `repeatConf` varchar(1000) COLLATE utf8mb4_unicode_ci DEFAULT NULL COMMENT '任務配置',
  `name` varchar(255) COLLATE utf8mb4_unicode_ci NOT NULL COMMENT '名稱',
  `cron` varchar(255) COLLATE utf8mb4_unicode_ci DEFAULT NULL COMMENT 'cron',
  `limit` int(11) DEFAULT NULL COMMENT '最大執行次數 不傳為無限次',
  `every` int(11) DEFAULT NULL COMMENT '每間隔多少毫秒執行一次 如果cron設置了 這項設置就無效',
  `remark` varchar(255) COLLATE utf8mb4_unicode_ci DEFAULT NULL COMMENT '備註',
  `status` tinyint(4) NOT NULL DEFAULT 1 COMMENT '狀態 0:停止 1：運行',
  `startDate` datetime DEFAULT NULL COMMENT '開始時間',
  `endDate` datetime DEFAULT NULL COMMENT '結束時間',
  `data` varchar(255) COLLATE utf8mb4_unicode_ci DEFAULT NULL COMMENT '數據',
  `service` varchar(255) COLLATE utf8mb4_unicode_ci DEFAULT NULL COMMENT '執行的service實例ID',
  `type` tinyint(4) NOT NULL DEFAULT 0 COMMENT '狀態 0:系統 1：用戶',
  `nextRunTime` datetime DEFAULT NULL COMMENT '下一次執行時間',
  `taskType` tinyint(4) NOT NULL DEFAULT 0 COMMENT '狀態 0:cron 1：時間間隔',
  PRIMARY KEY (`id`),
  KEY `IDX_6ced02f467e59bd6306b549bb0` (`createTime`),
  KEY `IDX_2adc6f9c241391126f27dac145` (`updateTime`)
) ENGINE=InnoDB AUTO_INCREMENT=3 DEFAULT CHARSET=utf8mb4 COLLATE=utf8mb4_unicode_ci;

DROP TABLE IF EXISTS `task_log`;
CREATE TABLE `task_log` (
  `id` int(11) NOT NULL AUTO_INCREMENT COMMENT 'ID',
  `createTime` datetime(6) NOT NULL DEFAULT current_timestamp(6) COMMENT '創建時間',
  `updateTime` datetime(6) NOT NULL DEFAULT current_timestamp(6) ON UPDATE current_timestamp(6) COMMENT '更新時間',
  `taskId` bigint(20) DEFAULT NULL COMMENT '任务ID',
  `status` tinyint(4) NOT NULL DEFAULT 0 COMMENT '状态 0:失败 1：成功',
  `detail` text COLLATE utf8mb4_unicode_ci DEFAULT NULL COMMENT '详情描述',
  PRIMARY KEY (`id`),
  KEY `IDX_b9af0e100be034924b270aab31` (`createTime`),
  KEY `IDX_8857d8d43d38bebd7159af1fa6` (`updateTime`),
  KEY `IDX_1142dfec452e924b346f060fda` (`taskId`)
) ENGINE=InnoDB AUTO_INCREMENT=13 DEFAULT CHARSET=utf8mb4 COLLATE=utf8mb4_unicode_ci;

DROP TABLE IF EXISTS `tip`;
CREATE TABLE `tip` (
  `id` int(11) NOT NULL AUTO_INCREMENT COMMENT 'ID',
  `createTime` datetime(6) NOT NULL DEFAULT current_timestamp(6) COMMENT '創建時間',
  `updateTime` datetime(6) NOT NULL DEFAULT current_timestamp(6) ON UPDATE current_timestamp(6) COMMENT '更新時間',
  `title` varchar(255) COLLATE utf8mb4_unicode_ci NOT NULL COMMENT '標題',
  `publishDate` varchar(255) COLLATE utf8mb4_unicode_ci DEFAULT NULL COMMENT '發布日期',
  `status` enum('draft','published') COLLATE utf8mb4_unicode_ci NOT NULL DEFAULT 'draft' COMMENT '狀態',
  `content` mediumtext COLLATE utf8mb4_unicode_ci NOT NULL COMMENT '內容',
  PRIMARY KEY (`id`),
  KEY `IDX_def3234e0a0f6f6cc76e7393e3` (`createTime`),
  KEY `IDX_8abd3a4b5c0010cb338091b8f4` (`updateTime`)
) ENGINE=InnoDB AUTO_INCREMENT=5 DEFAULT CHARSET=utf8mb4 COLLATE=utf8mb4_unicode_ci;

DROP TABLE IF EXISTS `tip_category`;
CREATE TABLE `tip_category` (
  `id` int(11) NOT NULL AUTO_INCREMENT COMMENT 'ID',
  `createTime` datetime(6) NOT NULL DEFAULT current_timestamp(6) COMMENT '創建時間',
  `updateTime` datetime(6) NOT NULL DEFAULT current_timestamp(6) ON UPDATE current_timestamp(6) COMMENT '更新時間',
  `tipId` bigint(20) NOT NULL COMMENT '小知識ID',
  `categoryId` bigint(20) NOT NULL COMMENT '分類ID',
  PRIMARY KEY (`id`),
  KEY `IDX_068920b1090cbb0c7ccf2dba57` (`createTime`),
  KEY `IDX_50e8fe8d0a30bcba80526e2dad` (`updateTime`)
) ENGINE=InnoDB DEFAULT CHARSET=utf8mb4 COLLATE=utf8mb4_unicode_ci;

DROP TABLE IF EXISTS `tip_collection`;
CREATE TABLE `tip_collection` (
  `id` int(11) NOT NULL AUTO_INCREMENT COMMENT 'ID',
  `createTime` datetime(6) NOT NULL DEFAULT current_timestamp(6) COMMENT '創建時間',
  `updateTime` datetime(6) NOT NULL DEFAULT current_timestamp(6) ON UPDATE current_timestamp(6) COMMENT '更新時間',
  `tipId` bigint(20) NOT NULL COMMENT '小知識ID',
  `userId` bigint(20) NOT NULL COMMENT '用戶ID',
  PRIMARY KEY (`id`),
  KEY `IDX_1fa7a4f407b6bf3bda104ef5bf` (`createTime`),
  KEY `IDX_7a2bc2777a58faab0983d08455` (`updateTime`)
) ENGINE=InnoDB AUTO_INCREMENT=9 DEFAULT CHARSET=utf8mb4 COLLATE=utf8mb4_unicode_ci;

DROP TABLE IF EXISTS `tip_view`;
CREATE TABLE `tip_view` (
  `id` int(11) NOT NULL AUTO_INCREMENT COMMENT 'ID',
  `createTime` datetime(6) NOT NULL DEFAULT current_timestamp(6) COMMENT '創建時間',
  `updateTime` datetime(6) NOT NULL DEFAULT current_timestamp(6) ON UPDATE current_timestamp(6) COMMENT '更新時間',
  `tipId` bigint(20) NOT NULL COMMENT '小知識ID',
  `userId` bigint(20) NOT NULL COMMENT '用戶ID',
  PRIMARY KEY (`id`),
  KEY `IDX_1c1e85a2f0e6602e239d81ad67` (`createTime`),
  KEY `IDX_40a90c49e1358d470def40ae03` (`updateTime`)
) ENGINE=InnoDB AUTO_INCREMENT=4 DEFAULT CHARSET=utf8mb4 COLLATE=utf8mb4_unicode_ci;

INSERT INTO `base_sys_conf` (`id`, `createTime`, `updateTime`, `cKey`, `cValue`) VALUES
(1, '2021-02-25 14:23:26.810981', '2021-02-25 14:23:26.810981', 'logKeep', '31');

INSERT INTO `base_sys_department` (`id`, `createTime`, `updateTime`, `name`, `parentId`, `orderNum`) VALUES
(1, '2021-02-24 21:17:11.971397', '2022-05-30 19:38:50.000000', '鍵結科技', NULL, 0),
(11, '2021-02-26 14:17:06.690613', '2022-05-30 19:38:50.000000', '開發', 1, 2),
(12, '2021-02-26 14:17:11.576369', '2022-05-30 19:38:50.000000', '管理', 1, 1),
(13, '2021-02-26 14:28:59.685177', '2022-05-30 19:38:50.000000', '用戶', 1, 3),
(15, '2022-07-02 17:46:03.239000', '2022-07-02 17:46:03.239000', '創作者', 13, 1),
(16, '2022-07-02 17:46:10.826000', '2022-07-02 17:48:36.366781', '一般用戶', 13, 0),
(17, '2022-07-02 17:49:31.327000', '2022-07-02 17:49:48.871000', '系統', 12, 0),
(18, '2022-07-02 17:49:39.465000', '2022-07-02 17:49:39.465000', '編輯', 12, 1);

INSERT INTO `base_sys_log` (`id`, `createTime`, `updateTime`, `userId`, `action`, `ip`, `ipAddr`, `params`) VALUES
(600, '2022-11-08 19:44:35.118395', '2022-11-08 19:44:35.118395', NULL, '/app/news/article/categories', '127.0.0.1', '本機地址', NULL),
(601, '2022-11-08 22:34:19.169966', '2022-11-08 22:34:19.169966', NULL, '/app/news/article/categories', '::1', '無法獲取地址信息', NULL),
(602, '2022-11-09 00:26:38.511291', '2022-11-09 00:26:38.511291', NULL, '/app/auth/login', '::1', '無法獲取地址信息', '{\"phone\":\"0953705508\",\"password\":\"qwe123596\"}'),
(603, '2022-11-09 00:31:13.105147', '2022-11-09 00:31:13.105147', NULL, '/app/auth/login', '::1', '無法獲取地址信息', '{\"phone\":\"0953705508\",\"password\":\"qwe123596\"}'),
(604, '2022-11-15 00:36:00.304915', '2022-11-15 00:36:00.304915', NULL, '/app/auth/captcha', '127.0.0.1', '本機地址', '{\"phone\":\"0953705508\",\"type\":\"forgot\"}'),
(605, '2022-11-15 00:37:43.336377', '2022-11-15 00:37:43.336377', NULL, '/app/auth/captcha', '127.0.0.1', '本機地址', '{\"phone\":\"0953705508\",\"type\":\"forgot\"}'),
(606, '2022-11-15 00:40:22.165564', '2022-11-15 00:40:22.165564', NULL, '/app/auth/captcha', '127.0.0.1', '本機地址', '{\"phone\":\"0953705508\",\"type\":\"forgot\"}'),
(607, '2022-11-15 00:51:47.684246', '2022-11-15 00:51:47.684246', NULL, '/app/auth/captcha', '127.0.0.1', '本機地址', '{\"phone\":\"0953705508\",\"type\":\"forgot\"}'),
(608, '2022-11-15 00:52:13.813956', '2022-11-15 00:52:13.813956', NULL, '/app/auth/captcha', '127.0.0.1', '本機地址', '{\"phone\":\"0953705508\",\"type\":\"forgot\"}'),
(609, '2022-11-15 00:52:53.462205', '2022-11-15 00:52:53.462205', NULL, '/app/auth/captcha', '127.0.0.1', '本機地址', '{\"phone\":\"0953705508\",\"type\":\"forgot\"}'),
(610, '2022-11-15 00:52:59.033613', '2022-11-15 00:52:59.033613', NULL, '/app/auth/captcha', '127.0.0.1', '本機地址', '{\"phone\":\"0953705508\",\"type\":\"forgot\"}'),
(611, '2022-11-15 00:53:54.436337', '2022-11-15 00:53:54.436337', NULL, '/app/auth/captcha', '127.0.0.1', '本機地址', '{\"phone\":\"0953705508\",\"type\":\"forgot\"}'),
(612, '2022-11-15 00:55:05.117292', '2022-11-15 00:55:05.117292', NULL, '/app/auth/captcha', '127.0.0.1', '本機地址', '{\"phone\":\"0953705508\",\"type\":\"forgot\"}'),
(613, '2022-11-15 01:07:01.844444', '2022-11-15 01:07:01.844444', NULL, '/app/auth/captcha', '127.0.0.1', '本機地址', '{\"phone\":\"0953705508\",\"type\":\"forgot\"}'),
(614, '2022-11-15 01:12:50.160359', '2022-11-15 01:12:50.160359', NULL, '/app/auth/captcha', '127.0.0.1', '本機地址', '{\"phone\":\"0953705508\",\"type\":\"forgot\"}'),
(615, '2022-11-15 01:18:27.377315', '2022-11-15 01:18:27.377315', NULL, '/app/auth/captcha', '127.0.0.1', '本機地址', '{\"phone\":\"0953705508\",\"type\":\"forgot\"}'),
(616, '2022-11-15 01:19:42.510009', '2022-11-15 01:19:42.510009', NULL, '/app/auth/captcha', '127.0.0.1', '本機地址', '{\"phone\":\"0953705508\",\"type\":\"forgot\"}'),
(617, '2022-11-15 01:21:21.834292', '2022-11-15 01:21:21.834292', NULL, '/app/auth/forgot', '127.0.0.1', '本機地址', '{\"phone\":\"0953705508\",\"password\":\"q556678s\",\"passwordConfirm\":\"q556678s\",\"verifyCode\":\"327041\"}'),
(618, '2022-11-15 01:21:24.618523', '2022-11-15 01:21:24.618523', NULL, '/app/user/person', '127.0.0.1', '本機地址', NULL),
(619, '2022-11-15 01:21:27.511590', '2022-11-15 01:21:27.511590', NULL, '/app/user/logout', '127.0.0.1', '本機地址', NULL),
(620, '2022-11-15 01:21:36.520522', '2022-11-15 01:21:36.520522', NULL, '/app/auth/login', '127.0.0.1', '本機地址', '{\"phone\":\"0953705508\",\"password\":\"q556678s\"}'),
(621, '2022-11-15 01:21:36.579893', '2022-11-15 01:21:36.579893', NULL, '/app/user/person', '127.0.0.1', '本機地址', NULL),
(622, '2022-11-15 01:21:39.265271', '2022-11-15 01:21:39.265271', NULL, '/app/user/logout', '127.0.0.1', '本機地址', NULL),
(623, '2022-11-15 01:24:30.282376', '2022-11-15 01:24:30.282376', NULL, '/app/auth/captcha', '127.0.0.1', '本機地址', '{\"phone\":\"0953705508\",\"type\":\"forgot\"}'),
(624, '2022-11-15 01:29:56.355335', '2022-11-15 01:29:56.355335', NULL, '/app/auth/captcha', '127.0.0.1', '本機地址', '{\"phone\":\"0953705508\",\"type\":\"forgot\"}'),
(625, '2022-11-15 01:31:31.798500', '2022-11-15 01:31:31.798500', NULL, '/app/auth/captcha', '127.0.0.1', '本機地址', '{\"phone\":\"0953705508\",\"type\":\"forgot\"}'),
(626, '2022-11-15 01:32:23.355466', '2022-11-15 01:32:23.355466', NULL, '/app/auth/captcha', '127.0.0.1', '本機地址', '{\"phone\":\"0953705508\",\"type\":\"forgot\"}'),
(627, '2022-11-15 01:32:56.451325', '2022-11-15 01:32:56.451325', NULL, '/app/news/article/info', '127.0.0.1', '本機地址', '{\"slug\":\"uv\",\"client\":true}'),
(628, '2022-11-15 01:32:56.588441', '2022-11-15 01:32:56.588441', NULL, '/app/news/article/info', '127.0.0.1', '本機地址', '{\"slug\":\"uv\",\"client\":true}'),
(629, '2022-11-15 01:32:56.629201', '2022-11-15 01:32:56.629201', NULL, '/app/news/article/list', '127.0.0.1', '本機地址', '{\"articleId\":21}'),
(630, '2022-11-15 01:32:56.701580', '2022-11-15 01:32:56.701580', NULL, '/app/news/article/comment/page', '127.0.0.1', '本機地址', '{\"articleId\":21,\"page\":1,\"size\":12}'),
(631, '2022-11-15 01:32:58.769302', '2022-11-15 01:32:58.769302', NULL, '/app/news/article/list', '127.0.0.1', '本機地址', '{\"isTop\":true}'),
(632, '2022-11-15 01:32:58.814804', '2022-11-15 01:32:58.814804', NULL, '/app/news/article/list', '127.0.0.1', '本機地址', '{\"isHot\":true}'),
(633, '2022-11-15 01:32:58.862117', '2022-11-15 01:32:58.862117', NULL, '/app/news/article/list', '127.0.0.1', '本機地址', '{\"size\":8,\"type\":\"video\"}'),
(634, '2022-11-15 01:33:04.577150', '2022-11-15 01:33:04.577150', NULL, '/app/news/article/categories', '127.0.0.1', '本機地址', NULL),
(635, '2022-11-15 01:33:04.612298', '2022-11-15 01:33:04.612298', NULL, '/app/news/article/list', '127.0.0.1', '本機地址', '{\"isTop\":true}'),
(636, '2022-11-15 01:33:04.629916', '2022-11-15 01:33:04.629916', NULL, '/app/news/article/list', '127.0.0.1', '本機地址', '{\"isHot\":true}'),
(637, '2022-11-15 01:33:04.653742', '2022-11-15 01:33:04.653742', NULL, '/app/news/article/list', '127.0.0.1', '本機地址', '{\"size\":8,\"type\":\"video\"}'),
(638, '2022-11-15 01:33:04.681477', '2022-11-15 01:33:04.681477', NULL, '/app/news/article/page', '127.0.0.1', '本機地址', '{\"size\":8,\"type\":\"normal\"}'),
(639, '2022-11-15 01:41:48.898811', '2022-11-15 01:41:48.898811', NULL, '/app/news/article/categories', '127.0.0.1', '本機地址', NULL),
(640, '2022-11-15 01:41:48.982510', '2022-11-15 01:41:48.982510', NULL, '/app/news/article/list', '127.0.0.1', '本機地址', '{\"isTop\":true}'),
(641, '2022-11-15 01:41:49.080257', '2022-11-15 01:41:49.080257', NULL, '/app/news/article/list', '127.0.0.1', '本機地址', '{\"isHot\":true}'),
(642, '2022-11-15 01:41:49.111786', '2022-11-15 01:41:49.111786', NULL, '/app/news/article/list', '127.0.0.1', '本機地址', '{\"size\":8,\"type\":\"video\"}'),
(643, '2022-11-15 01:41:49.147568', '2022-11-15 01:41:49.147568', NULL, '/app/news/article/page', '127.0.0.1', '本機地址', '{\"size\":8,\"type\":\"normal\"}'),
(644, '2022-11-15 01:45:16.975367', '2022-11-15 01:45:16.975367', NULL, '/app/news/article/categories', '127.0.0.1', '本機地址', NULL),
(645, '2022-11-15 01:45:17.081977', '2022-11-15 01:45:17.081977', NULL, '/app/news/article/list', '127.0.0.1', '本機地址', '{\"isTop\":true}'),
(646, '2022-11-15 01:45:17.255162', '2022-11-15 01:45:17.255162', NULL, '/app/news/article/list', '127.0.0.1', '本機地址', '{\"isHot\":true}'),
(647, '2022-11-15 01:45:17.379504', '2022-11-15 01:45:17.379504', NULL, '/app/news/article/list', '127.0.0.1', '本機地址', '{\"size\":8,\"type\":\"video\"}'),
(648, '2022-11-15 01:45:17.406377', '2022-11-15 01:45:17.406377', NULL, '/app/news/article/page', '127.0.0.1', '本機地址', '{\"size\":8,\"type\":\"normal\"}'),
(649, '2022-11-15 01:45:20.492941', '2022-11-15 01:45:20.492941', NULL, '/app/news/article/categories', '127.0.0.1', '本機地址', NULL),
(650, '2022-11-15 01:45:20.527850', '2022-11-15 01:45:20.527850', NULL, '/app/news/article/info', '127.0.0.1', '本機地址', '{\"slug\":\"醣科學-生技疫苗新契機\",\"client\":false}'),
(651, '2022-11-15 01:45:20.579227', '2022-11-15 01:45:20.579227', NULL, '/app/news/article/info', '127.0.0.1', '本機地址', '{\"slug\":\"醣科學-生技疫苗新契機\",\"client\":false}'),
(652, '2022-11-15 01:45:20.596470', '2022-11-15 01:45:20.596470', NULL, '/app/news/article/list', '127.0.0.1', '本機地址', '{\"articleId\":15}'),
(653, '2022-11-15 01:45:20.630540', '2022-11-15 01:45:20.630540', NULL, '/app/news/article/comment/page', '127.0.0.1', '本機地址', '{\"articleId\":15,\"page\":1,\"size\":12}'),
(654, '2022-11-15 01:45:22.584810', '2022-11-15 01:45:22.584810', NULL, '/app/news/article/categories', '127.0.0.1', '本機地址', NULL),
(655, '2022-11-15 01:45:22.633184', '2022-11-15 01:45:22.633184', NULL, '/app/news/article/list', '127.0.0.1', '本機地址', '{\"isTop\":true}'),
(656, '2022-11-15 01:45:22.698521', '2022-11-15 01:45:22.698521', NULL, '/app/news/article/list', '127.0.0.1', '本機地址', '{\"isHot\":true}'),
(657, '2022-11-15 01:45:22.750123', '2022-11-15 01:45:22.750123', NULL, '/app/news/article/list', '127.0.0.1', '本機地址', '{\"size\":8,\"type\":\"video\"}'),
(658, '2022-11-15 01:45:22.820489', '2022-11-15 01:45:22.820489', NULL, '/app/news/article/page', '127.0.0.1', '本機地址', '{\"size\":8,\"type\":\"normal\"}'),
(659, '2022-11-15 01:48:43.457192', '2022-11-15 01:48:43.457192', NULL, '/app/news/article/categories', '127.0.0.1', '本機地址', NULL),
(660, '2022-11-15 01:48:43.535007', '2022-11-15 01:48:43.535007', NULL, '/app/news/article/list', '127.0.0.1', '本機地址', '{\"isTop\":true}'),
(661, '2022-11-15 01:48:43.595380', '2022-11-15 01:48:43.595380', NULL, '/app/news/article/list', '127.0.0.1', '本機地址', '{\"isHot\":true}'),
(662, '2022-11-15 01:48:43.725665', '2022-11-15 01:48:43.725665', NULL, '/app/news/article/list', '127.0.0.1', '本機地址', '{\"size\":8,\"type\":\"video\"}'),
(663, '2022-11-15 01:48:43.771689', '2022-11-15 01:48:43.771689', NULL, '/app/news/article/page', '127.0.0.1', '本機地址', '{\"size\":8,\"type\":\"normal\"}'),
(664, '2022-11-15 01:49:28.702556', '2022-11-15 01:49:28.702556', NULL, '/app/news/article/categories', '127.0.0.1', '本機地址', NULL),
(665, '2022-11-15 01:49:28.747047', '2022-11-15 01:49:28.747047', NULL, '/app/news/article/list', '127.0.0.1', '本機地址', '{\"isTop\":true}'),
(666, '2022-11-15 01:49:28.825987', '2022-11-15 01:49:28.825987', NULL, '/app/news/article/list', '127.0.0.1', '本機地址', '{\"isHot\":true}'),
(667, '2022-11-15 01:49:28.884541', '2022-11-15 01:49:28.884541', NULL, '/app/news/article/list', '127.0.0.1', '本機地址', '{\"size\":8,\"type\":\"video\"}'),
(668, '2022-11-15 01:49:28.912662', '2022-11-15 01:49:28.912662', NULL, '/app/news/article/page', '127.0.0.1', '本機地址', '{\"size\":8,\"type\":\"normal\"}'),
(669, '2022-11-15 01:49:29.063313', '2022-11-15 01:49:29.063313', NULL, '/app/news/article/categories', '127.0.0.1', '本機地址', NULL),
(670, '2022-11-15 01:49:29.108168', '2022-11-15 01:49:29.108168', NULL, '/app/news/article/list', '127.0.0.1', '本機地址', '{\"isTop\":true}'),
(671, '2022-11-15 01:49:29.138402', '2022-11-15 01:49:29.138402', NULL, '/app/news/article/list', '127.0.0.1', '本機地址', '{\"isHot\":true}'),
(672, '2022-11-15 01:49:29.162809', '2022-11-15 01:49:29.162809', NULL, '/app/news/article/list', '127.0.0.1', '本機地址', '{\"size\":8,\"type\":\"video\"}'),
(673, '2022-11-15 01:49:29.188679', '2022-11-15 01:49:29.188679', NULL, '/app/news/article/page', '127.0.0.1', '本機地址', '{\"size\":8,\"type\":\"normal\"}'),
(674, '2022-11-15 01:49:59.211583', '2022-11-15 01:49:59.211583', NULL, '/app/news/article/categories', '127.0.0.1', '本機地址', NULL),
(675, '2022-11-15 01:49:59.244256', '2022-11-15 01:49:59.244256', NULL, '/app/news/article/list', '127.0.0.1', '本機地址', '{\"isTop\":true}'),
(676, '2022-11-15 01:49:59.270215', '2022-11-15 01:49:59.270215', NULL, '/app/news/article/list', '127.0.0.1', '本機地址', '{\"isHot\":true}'),
(677, '2022-11-15 01:49:59.348765', '2022-11-15 01:49:59.348765', NULL, '/app/news/article/list', '127.0.0.1', '本機地址', '{\"size\":8,\"type\":\"video\"}'),
(678, '2022-11-15 01:49:59.397904', '2022-11-15 01:49:59.397904', NULL, '/app/news/article/page', '127.0.0.1', '本機地址', '{\"size\":8,\"type\":\"normal\"}'),
(679, '2022-11-15 01:51:53.781160', '2022-11-15 01:51:53.781160', NULL, '/app/news/article/categories', '127.0.0.1', '本機地址', NULL),
(680, '2022-11-15 01:51:53.841745', '2022-11-15 01:51:53.841745', NULL, '/app/news/article/list', '127.0.0.1', '本機地址', '{\"isTop\":true}'),
(681, '2022-11-15 01:51:54.098927', '2022-11-15 01:51:54.098927', NULL, '/app/news/article/list', '127.0.0.1', '本機地址', '{\"isHot\":true}'),
(682, '2022-11-15 01:51:54.132684', '2022-11-15 01:51:54.132684', NULL, '/app/news/article/list', '127.0.0.1', '本機地址', '{\"size\":8,\"type\":\"video\"}'),
(683, '2022-11-15 01:51:54.212129', '2022-11-15 01:51:54.212129', NULL, '/app/news/article/page', '127.0.0.1', '本機地址', '{\"size\":8,\"type\":\"normal\"}'),
(684, '2022-11-15 01:52:18.394974', '2022-11-15 01:52:18.394974', NULL, '/app/news/article/categories', '127.0.0.1', '本機地址', NULL),
(685, '2022-11-15 01:52:18.432426', '2022-11-15 01:52:18.432426', NULL, '/app/news/article/list', '127.0.0.1', '本機地址', '{\"isTop\":true}'),
(686, '2022-11-15 01:52:18.478277', '2022-11-15 01:52:18.478277', NULL, '/app/news/article/list', '127.0.0.1', '本機地址', '{\"isHot\":true}'),
(687, '2022-11-15 01:52:18.504698', '2022-11-15 01:52:18.504698', NULL, '/app/news/article/list', '127.0.0.1', '本機地址', '{\"size\":8,\"type\":\"video\"}'),
(688, '2022-11-15 01:52:18.522999', '2022-11-15 01:52:18.522999', NULL, '/app/news/article/page', '127.0.0.1', '本機地址', '{\"size\":8,\"type\":\"normal\"}'),
(689, '2022-11-15 01:52:20.489197', '2022-11-15 01:52:20.489197', NULL, '/app/news/article/categories', '127.0.0.1', '本機地址', NULL),
(690, '2022-11-15 01:52:20.518016', '2022-11-15 01:52:20.518016', NULL, '/app/news/article/list', '127.0.0.1', '本機地址', '{\"isTop\":true}'),
(691, '2022-11-15 01:52:20.560493', '2022-11-15 01:52:20.560493', NULL, '/app/news/article/list', '127.0.0.1', '本機地址', '{\"isHot\":true}'),
(692, '2022-11-15 01:52:20.586318', '2022-11-15 01:52:20.586318', NULL, '/app/news/article/list', '127.0.0.1', '本機地址', '{\"size\":8,\"type\":\"video\"}'),
(693, '2022-11-15 01:52:20.642000', '2022-11-15 01:52:20.642000', NULL, '/app/news/article/page', '127.0.0.1', '本機地址', '{\"size\":8,\"type\":\"normal\"}'),
(694, '2022-11-15 01:52:24.242067', '2022-11-15 01:52:24.242067', NULL, '/app/news/article/categories', '127.0.0.1', '本機地址', NULL),
(695, '2022-11-15 01:52:24.312795', '2022-11-15 01:52:24.312795', NULL, '/app/news/article/list', '127.0.0.1', '本機地址', '{\"isTop\":true}'),
(696, '2022-11-15 01:52:24.339801', '2022-11-15 01:52:24.339801', NULL, '/app/news/article/list', '127.0.0.1', '本機地址', '{\"isHot\":true}'),
(697, '2022-11-15 01:52:24.574228', '2022-11-15 01:52:24.574228', NULL, '/app/news/article/list', '127.0.0.1', '本機地址', '{\"size\":8,\"type\":\"video\"}'),
(698, '2022-11-15 01:52:24.601511', '2022-11-15 01:52:24.601511', NULL, '/app/news/article/page', '127.0.0.1', '本機地址', '{\"size\":8,\"type\":\"normal\"}'),
(699, '2022-11-15 01:58:40.567506', '2022-11-15 01:58:40.567506', NULL, '/app/news/article/categories', '127.0.0.1', '本機地址', NULL),
(700, '2022-11-15 01:58:40.787500', '2022-11-15 01:58:40.787500', NULL, '/app/news/article/list', '127.0.0.1', '本機地址', '{\"isTop\":true}'),
(701, '2022-11-15 01:58:40.879019', '2022-11-15 01:58:40.879019', NULL, '/app/news/article/list', '127.0.0.1', '本機地址', '{\"isHot\":true}'),
(702, '2022-11-15 01:58:40.895138', '2022-11-15 01:58:40.895138', NULL, '/app/news/article/list', '127.0.0.1', '本機地址', '{\"size\":8,\"type\":\"video\"}'),
(703, '2022-11-15 01:58:40.941231', '2022-11-15 01:58:40.941231', NULL, '/app/news/article/page', '127.0.0.1', '本機地址', '{\"size\":8,\"type\":\"normal\"}'),
(704, '2022-11-15 07:52:17.791249', '2022-11-15 07:52:17.791249', NULL, '/app/news/article/categories', '127.0.0.1', '本機地址', NULL),
(705, '2022-11-15 07:52:17.879203', '2022-11-15 07:52:17.879203', NULL, '/app/news/article/list', '127.0.0.1', '本機地址', '{\"isTop\":true}'),
(706, '2022-11-15 07:52:17.935194', '2022-11-15 07:52:17.935194', NULL, '/app/news/article/list', '127.0.0.1', '本機地址', '{\"isHot\":true}'),
(707, '2022-11-15 07:52:17.975604', '2022-11-15 07:52:17.975604', NULL, '/app/news/article/list', '127.0.0.1', '本機地址', '{\"size\":8,\"type\":\"video\"}'),
(708, '2022-11-15 07:52:17.988961', '2022-11-15 07:52:17.988961', NULL, '/app/news/article/page', '127.0.0.1', '本機地址', '{\"size\":8,\"type\":\"normal\"}'),
(709, '2022-11-15 08:04:19.838670', '2022-11-15 08:04:19.838670', NULL, '/app/news/article/categories', '127.0.0.1', '本機地址', NULL),
(710, '2022-11-15 08:04:19.879919', '2022-11-15 08:04:19.879919', NULL, '/app/news/article/list', '127.0.0.1', '本機地址', '{\"isTop\":true}'),
(711, '2022-11-15 08:04:19.931837', '2022-11-15 08:04:19.931837', NULL, '/app/news/article/list', '127.0.0.1', '本機地址', '{\"isHot\":true}'),
(712, '2022-11-15 08:04:19.974925', '2022-11-15 08:04:19.974925', NULL, '/app/news/article/list', '127.0.0.1', '本機地址', '{\"size\":8,\"type\":\"video\"}'),
(713, '2022-11-15 08:04:19.989856', '2022-11-15 08:04:19.989856', NULL, '/app/news/article/page', '127.0.0.1', '本機地址', '{\"size\":8,\"type\":\"normal\"}'),
(714, '2022-11-15 08:05:03.978988', '2022-11-15 08:05:03.978988', NULL, '/app/news/article/categories', '127.0.0.1', '本機地址', NULL),
(715, '2022-11-15 08:05:04.008047', '2022-11-15 08:05:04.008047', NULL, '/app/news/article/list', '127.0.0.1', '本機地址', '{\"isTop\":true}'),
(716, '2022-11-15 08:05:04.049980', '2022-11-15 08:05:04.049980', NULL, '/app/news/article/list', '127.0.0.1', '本機地址', '{\"isHot\":true}'),
(717, '2022-11-15 08:05:04.082695', '2022-11-15 08:05:04.082695', NULL, '/app/news/article/list', '127.0.0.1', '本機地址', '{\"size\":8,\"type\":\"video\"}'),
(718, '2022-11-15 08:05:04.102299', '2022-11-15 08:05:04.102299', NULL, '/app/news/article/page', '127.0.0.1', '本機地址', '{\"size\":8,\"type\":\"normal\"}'),
(719, '2022-11-15 08:05:34.711233', '2022-11-15 08:05:34.711233', NULL, '/app/news/article/categories', '127.0.0.1', '本機地址', NULL),
(720, '2022-11-15 08:05:34.747754', '2022-11-15 08:05:34.747754', NULL, '/app/news/article/list', '127.0.0.1', '本機地址', '{\"isTop\":true}'),
(721, '2022-11-15 08:05:34.779264', '2022-11-15 08:05:34.779264', NULL, '/app/news/article/list', '127.0.0.1', '本機地址', '{\"isHot\":true}'),
(722, '2022-11-15 08:05:34.808705', '2022-11-15 08:05:34.808705', NULL, '/app/news/article/list', '127.0.0.1', '本機地址', '{\"size\":8,\"type\":\"video\"}'),
(723, '2022-11-15 08:05:41.319901', '2022-11-15 08:05:41.319901', NULL, '/app/news/article/categories', '127.0.0.1', '本機地址', NULL),
(724, '2022-11-15 08:05:41.337144', '2022-11-15 08:05:41.337144', NULL, '/app/news/article/list', '127.0.0.1', '本機地址', '{\"isTop\":true}'),
(725, '2022-11-15 08:05:41.364501', '2022-11-15 08:05:41.364501', NULL, '/app/news/article/list', '127.0.0.1', '本機地址', '{\"isHot\":true}'),
(726, '2022-11-15 08:05:41.385331', '2022-11-15 08:05:41.385331', NULL, '/app/news/article/list', '127.0.0.1', '本機地址', '{\"size\":8,\"type\":\"video\"}'),
(727, '2022-11-15 08:05:50.158882', '2022-11-15 08:05:50.158882', NULL, '/app/news/article/categories', '127.0.0.1', '本機地址', NULL),
(728, '2022-11-15 08:05:50.176632', '2022-11-15 08:05:50.176632', NULL, '/app/news/article/list', '127.0.0.1', '本機地址', '{\"isTop\":true}'),
(729, '2022-11-15 08:05:50.203996', '2022-11-15 08:05:50.203996', NULL, '/app/news/article/list', '127.0.0.1', '本機地址', '{\"isHot\":true}'),
(730, '2022-11-15 08:05:50.223063', '2022-11-15 08:05:50.223063', NULL, '/app/news/article/list', '127.0.0.1', '本機地址', '{\"size\":8,\"type\":\"video\"}'),
(731, '2022-11-15 08:05:50.238985', '2022-11-15 08:05:50.238985', NULL, '/app/news/article/page', '127.0.0.1', '本機地址', '{\"size\":8,\"type\":\"normal\"}'),
(732, '2022-11-15 08:05:54.687935', '2022-11-15 08:05:54.687935', NULL, '/app/news/article/page', '127.0.0.1', '本機地址', '{\"size\":8,\"type\":\"normal\"}'),
(733, '2022-11-15 08:05:57.023223', '2022-11-15 08:05:57.023223', NULL, '/app/news/article/page', '127.0.0.1', '本機地址', '{\"page\":null,\"type\":\"normal\"}'),
(734, '2022-11-15 08:06:24.763669', '2022-11-15 08:06:24.763669', NULL, '/app/news/article/categories', '127.0.0.1', '本機地址', NULL),
(735, '2022-11-15 08:06:24.834998', '2022-11-15 08:06:24.834998', NULL, '/app/news/article/list', '127.0.0.1', '本機地址', '{\"isTop\":true}'),
(736, '2022-11-15 08:06:24.868681', '2022-11-15 08:06:24.868681', NULL, '/app/news/article/list', '127.0.0.1', '本機地址', '{\"isHot\":true}'),
(737, '2022-11-15 08:06:24.916254', '2022-11-15 08:06:24.916254', NULL, '/app/news/article/list', '127.0.0.1', '本機地址', '{\"size\":8,\"type\":\"video\"}'),
(738, '2022-11-15 08:06:24.968979', '2022-11-15 08:06:24.968979', NULL, '/app/news/article/page', '127.0.0.1', '本機地址', '{\"size\":8,\"type\":\"normal\"}'),
(739, '2022-11-15 08:06:52.233589', '2022-11-15 08:06:52.233589', NULL, '/app/news/article/page', '127.0.0.1', '本機地址', '{\"page\":2,\"size\":8,\"type\":\"normal\"}'),
(740, '2022-11-15 08:07:07.529689', '2022-11-15 08:07:07.529689', NULL, '/app/news/article/categories', '127.0.0.1', '本機地址', NULL),
(741, '2022-11-15 08:07:07.563271', '2022-11-15 08:07:07.563271', NULL, '/app/news/article/list', '127.0.0.1', '本機地址', '{\"isTop\":true}'),
(742, '2022-11-15 08:07:07.633186', '2022-11-15 08:07:07.633186', NULL, '/app/news/article/list', '127.0.0.1', '本機地址', '{\"isHot\":true}'),
(743, '2022-11-15 08:07:07.657134', '2022-11-15 08:07:07.657134', NULL, '/app/news/article/list', '127.0.0.1', '本機地址', '{\"size\":8,\"type\":\"video\"}'),
(744, '2022-11-15 08:07:07.691255', '2022-11-15 08:07:07.691255', NULL, '/app/news/article/page', '127.0.0.1', '本機地址', '{\"size\":8,\"type\":\"normal\"}'),
(745, '2022-11-15 08:08:17.344724', '2022-11-15 08:08:17.344724', NULL, '/app/news/article/categories', '127.0.0.1', '本機地址', NULL),
(746, '2022-11-15 08:08:42.775968', '2022-11-15 08:08:42.775968', NULL, '/app/news/article/categories', '127.0.0.1', '本機地址', NULL),
(747, '2022-11-15 08:08:42.834038', '2022-11-15 08:08:42.834038', NULL, '/app/industry-category/info', '127.0.0.1', '本機地址', NULL),
(748, '2022-11-15 08:08:42.906547', '2022-11-15 08:08:42.906547', NULL, '/app/news/article/list', '127.0.0.1', '本機地址', '{\"size\":8,\"type\":\"video\"}'),
(749, '2022-11-15 08:08:42.927718', '2022-11-15 08:08:42.927718', NULL, '/app/news/article/page', '127.0.0.1', '本機地址', '{\"size\":8,\"type\":\"normal\"}'),
(750, '2022-11-15 08:08:55.575281', '2022-11-15 08:08:55.575281', NULL, '/app/industry-category/info', '127.0.0.1', '本機地址', '{\"slug\":\"polyimide\"}'),
(751, '2022-11-15 08:08:55.618944', '2022-11-15 08:08:55.618944', NULL, '/app/news/article/list', '127.0.0.1', '本機地址', '{\"size\":8,\"type\":\"video\",\"category\":\"polyimide\"}'),
(752, '2022-11-15 08:08:55.747985', '2022-11-15 08:08:55.747985', NULL, '/app/news/article/page', '127.0.0.1', '本機地址', '{\"size\":8,\"type\":\"normal\",\"category\":\"polyimide\"}'),
(753, '2022-11-15 08:08:56.659888', '2022-11-15 08:08:56.659888', NULL, '/app/industry-category/info', '127.0.0.1', '本機地址', '{\"slug\":\"chemical-raw-materials\"}'),
(754, '2022-11-15 08:08:56.674132', '2022-11-15 08:08:56.674132', NULL, '/app/news/article/list', '127.0.0.1', '本機地址', '{\"size\":8,\"type\":\"video\",\"category\":\"chemical-raw-materials\"}'),
(755, '2022-11-15 08:08:56.728311', '2022-11-15 08:08:56.728311', NULL, '/app/news/article/page', '127.0.0.1', '本機地址', '{\"size\":8,\"type\":\"normal\",\"category\":\"chemical-raw-materials\"}'),
(756, '2022-11-15 08:09:15.231013', '2022-11-15 08:09:15.231013', NULL, '/app/news/article/categories', '127.0.0.1', '本機地址', NULL),
(757, '2022-11-15 08:09:15.257419', '2022-11-15 08:09:15.257419', NULL, '/app/industry-category/info', '127.0.0.1', '本機地址', '{\"slug\":\"chemical-raw-materials\"}'),
(758, '2022-11-15 08:09:15.304958', '2022-11-15 08:09:15.304958', NULL, '/app/news/article/list', '127.0.0.1', '本機地址', '{\"size\":8,\"type\":\"video\",\"category\":\"chemical-raw-materials\"}'),
(759, '2022-11-15 08:09:15.329331', '2022-11-15 08:09:15.329331', NULL, '/app/news/article/page', '127.0.0.1', '本機地址', '{\"size\":8,\"type\":\"normal\",\"category\":\"chemical-raw-materials\"}'),
(760, '2022-11-15 08:09:26.960298', '2022-11-15 08:09:26.960298', NULL, '/app/news/article/categories', '127.0.0.1', '本機地址', NULL),
(761, '2022-11-15 08:09:26.978303', '2022-11-15 08:09:26.978303', NULL, '/app/industry-category/info', '127.0.0.1', '本機地址', '{\"slug\":\"chemical-raw-materials\"}'),
(762, '2022-11-15 08:09:26.990198', '2022-11-15 08:09:26.990198', NULL, '/app/news/article/list', '127.0.0.1', '本機地址', '{\"size\":8,\"type\":\"video\",\"category\":\"chemical-raw-materials\"}'),
(763, '2022-11-15 08:09:27.027363', '2022-11-15 08:09:27.027363', NULL, '/app/news/article/page', '127.0.0.1', '本機地址', '{\"size\":8,\"type\":\"normal\",\"category\":\"chemical-raw-materials\"}'),
(764, '2022-11-15 08:09:59.723726', '2022-11-15 08:09:59.723726', NULL, '/app/news/article/categories', '127.0.0.1', '本機地址', NULL),
(765, '2022-11-15 08:09:59.753159', '2022-11-15 08:09:59.753159', NULL, '/app/industry-category/info', '127.0.0.1', '本機地址', '{\"slug\":\"chemical-raw-materials\"}'),
(766, '2022-11-15 08:09:59.769280', '2022-11-15 08:09:59.769280', NULL, '/app/news/article/list', '127.0.0.1', '本機地址', '{\"size\":8,\"type\":\"video\",\"category\":\"chemical-raw-materials\"}'),
(767, '2022-11-15 08:09:59.790030', '2022-11-15 08:09:59.790030', NULL, '/app/news/article/page', '127.0.0.1', '本機地址', '{\"size\":8,\"type\":\"normal\",\"category\":\"chemical-raw-materials\"}'),
(768, '2022-11-15 08:12:30.633885', '2022-11-15 08:12:30.633885', NULL, '/app/news/article/categories', '127.0.0.1', '本機地址', NULL),
(769, '2022-11-15 08:12:30.654580', '2022-11-15 08:12:30.654580', NULL, '/app/news/article/list', '127.0.0.1', '本機地址', '{\"isTop\":true}'),
(770, '2022-11-15 08:12:30.676981', '2022-11-15 08:12:30.676981', NULL, '/app/news/article/list', '127.0.0.1', '本機地址', '{\"isHot\":true}'),
(771, '2022-11-15 08:12:30.698134', '2022-11-15 08:12:30.698134', NULL, '/app/news/article/list', '127.0.0.1', '本機地址', '{\"size\":8,\"type\":\"video\"}'),
(772, '2022-11-15 08:12:30.714750', '2022-11-15 08:12:30.714750', NULL, '/app/news/article/page', '127.0.0.1', '本機地址', '{\"size\":8,\"type\":\"normal\"}'),
(773, '2022-11-15 08:13:46.548132', '2022-11-15 08:13:46.548132', NULL, '/app/news/article/categories', '127.0.0.1', '本機地址', NULL),
(774, '2022-11-15 08:13:46.571611', '2022-11-15 08:13:46.571611', NULL, '/app/news/article/list', '127.0.0.1', '本機地址', '{\"isTop\":true}'),
(775, '2022-11-15 08:13:46.588471', '2022-11-15 08:13:46.588471', NULL, '/app/news/article/list', '127.0.0.1', '本機地址', '{\"isHot\":true}'),
(776, '2022-11-15 08:13:46.606364', '2022-11-15 08:13:46.606364', NULL, '/app/news/article/list', '127.0.0.1', '本機地址', '{\"size\":8,\"type\":\"video\"}'),
(777, '2022-11-15 08:13:46.619516', '2022-11-15 08:13:46.619516', NULL, '/app/news/article/page', '127.0.0.1', '本機地址', '{\"size\":8,\"type\":\"normal\"}'),
(778, '2022-11-15 08:14:16.200862', '2022-11-15 08:14:16.200862', NULL, '/app/news/article/categories', '127.0.0.1', '本機地址', NULL),
(779, '2022-11-15 08:14:16.331811', '2022-11-15 08:14:16.331811', NULL, '/app/news/article/list', '127.0.0.1', '本機地址', '{\"isTop\":true}'),
(780, '2022-11-15 08:14:16.421223', '2022-11-15 08:14:16.421223', NULL, '/app/news/article/list', '127.0.0.1', '本機地址', '{\"isHot\":true}'),
(781, '2022-11-15 08:14:16.489518', '2022-11-15 08:14:16.489518', NULL, '/app/news/article/list', '127.0.0.1', '本機地址', '{\"size\":8,\"type\":\"video\"}'),
(782, '2022-11-15 08:14:16.541945', '2022-11-15 08:14:16.541945', NULL, '/app/news/article/page', '127.0.0.1', '本機地址', '{\"size\":8,\"type\":\"normal\"}'),
(783, '2022-11-15 08:15:59.414493', '2022-11-15 08:15:59.414493', NULL, '/app/industry-category/info', '127.0.0.1', '本機地址', '{\"slug\":\"solvent-related\"}'),
(784, '2022-11-15 08:15:59.458977', '2022-11-15 08:15:59.458977', NULL, '/app/news/article/list', '127.0.0.1', '本機地址', '{\"size\":8,\"type\":\"video\",\"category\":\"solvent-related\"}'),
(785, '2022-11-15 08:15:59.587224', '2022-11-15 08:15:59.587224', NULL, '/app/news/article/page', '127.0.0.1', '本機地址', '{\"size\":8,\"type\":\"normal\",\"category\":\"solvent-related\"}'),
(786, '2022-11-15 08:16:01.090035', '2022-11-15 08:16:01.090035', NULL, '/app/industry-category/info', '127.0.0.1', '本機地址', '{\"slug\":\"chemical-raw-materials\"}'),
(787, '2022-11-15 08:16:01.111661', '2022-11-15 08:16:01.111661', NULL, '/app/news/article/list', '127.0.0.1', '本機地址', '{\"size\":8,\"type\":\"video\",\"category\":\"chemical-raw-materials\"}'),
(788, '2022-11-15 08:16:01.262598', '2022-11-15 08:16:01.262598', NULL, '/app/news/article/page', '127.0.0.1', '本機地址', '{\"size\":8,\"type\":\"normal\",\"category\":\"chemical-raw-materials\"}'),
(789, '2022-11-15 08:16:02.182357', '2022-11-15 08:16:02.182357', NULL, '/app/news/article/list', '127.0.0.1', '本機地址', '{\"isTop\":true}'),
(790, '2022-11-15 08:16:02.351906', '2022-11-15 08:16:02.351906', NULL, '/app/news/article/list', '127.0.0.1', '本機地址', '{\"isHot\":true}'),
(791, '2022-11-15 08:16:02.398242', '2022-11-15 08:16:02.398242', NULL, '/app/news/article/list', '127.0.0.1', '本機地址', '{\"size\":8,\"type\":\"video\"}'),
(792, '2022-11-15 08:16:02.424260', '2022-11-15 08:16:02.424260', NULL, '/app/news/article/page', '127.0.0.1', '本機地址', '{\"size\":8,\"type\":\"normal\"}'),
(793, '2022-11-15 08:16:10.298724', '2022-11-15 08:16:10.298724', NULL, '/app/industry-category/info', '127.0.0.1', '本機地址', '{\"slug\":\"grind\"}'),
(794, '2022-11-15 08:16:10.321452', '2022-11-15 08:16:10.321452', NULL, '/app/news/article/list', '127.0.0.1', '本機地址', '{\"size\":8,\"type\":\"video\",\"category\":\"grind\"}'),
(795, '2022-11-15 08:16:10.364230', '2022-11-15 08:16:10.364230', NULL, '/app/news/article/page', '127.0.0.1', '本機地址', '{\"size\":8,\"type\":\"normal\",\"category\":\"grind\"}'),
(796, '2022-11-15 08:16:17.878670', '2022-11-15 08:16:17.878670', NULL, '/app/news/article/list', '127.0.0.1', '本機地址', '{\"isTop\":true}'),
(797, '2022-11-15 08:16:17.921254', '2022-11-15 08:16:17.921254', NULL, '/app/news/article/list', '127.0.0.1', '本機地址', '{\"isHot\":true}'),
(798, '2022-11-15 08:16:17.953582', '2022-11-15 08:16:17.953582', NULL, '/app/news/article/list', '127.0.0.1', '本機地址', '{\"size\":8,\"type\":\"video\"}'),
(799, '2022-11-15 08:16:18.062785', '2022-11-15 08:16:18.062785', NULL, '/app/news/article/page', '127.0.0.1', '本機地址', '{\"size\":8,\"type\":\"normal\"}'),
(800, '2022-11-15 08:16:22.130408', '2022-11-15 08:16:22.130408', NULL, '/app/industry-category/info', '127.0.0.1', '本機地址', '{\"slug\":\"petroleum-monomer\"}'),
(801, '2022-11-15 08:16:22.175054', '2022-11-15 08:16:22.175054', NULL, '/app/news/article/list', '127.0.0.1', '本機地址', '{\"size\":8,\"type\":\"video\",\"category\":\"petroleum-monomer\"}'),
(802, '2022-11-15 08:16:22.197465', '2022-11-15 08:16:22.197465', NULL, '/app/news/article/page', '127.0.0.1', '本機地址', '{\"size\":8,\"type\":\"normal\",\"category\":\"petroleum-monomer\"}'),
(803, '2022-11-15 08:16:25.047157', '2022-11-15 08:16:25.047157', NULL, '/app/news/article/list', '127.0.0.1', '本機地址', '{\"isTop\":true}'),
(804, '2022-11-15 08:16:25.084672', '2022-11-15 08:16:25.084672', NULL, '/app/news/article/list', '127.0.0.1', '本機地址', '{\"isHot\":true}'),
(805, '2022-11-15 08:16:25.182062', '2022-11-15 08:16:25.182062', NULL, '/app/news/article/list', '127.0.0.1', '本機地址', '{\"size\":8,\"type\":\"video\"}'),
(806, '2022-11-15 08:16:25.223384', '2022-11-15 08:16:25.223384', NULL, '/app/news/article/page', '127.0.0.1', '本機地址', '{\"size\":8,\"type\":\"normal\"}'),
(807, '2022-11-15 08:16:32.270392', '2022-11-15 08:16:32.270392', NULL, '/app/news/article/page', '127.0.0.1', '本機地址', '{\"page\":2,\"size\":8,\"type\":\"normal\"}'),
(808, '2022-11-15 08:16:33.704785', '2022-11-15 08:16:33.704785', NULL, '/app/news/article/info', '127.0.0.1', '本機地址', '{\"slug\":\"量子電腦加速未來化學\",\"client\":true}'),
(809, '2022-11-15 08:16:33.738614', '2022-11-15 08:16:33.738614', NULL, '/app/news/article/info', '127.0.0.1', '本機地址', '{\"slug\":\"量子電腦加速未來化學\",\"client\":true}'),
(810, '2022-11-15 08:16:33.794961', '2022-11-15 08:16:33.794961', NULL, '/app/news/article/list', '127.0.0.1', '本機地址', '{\"size\":3,\"articleId\":14}'),
(811, '2022-11-15 08:16:33.881536', '2022-11-15 08:16:33.881536', NULL, '/app/news/article/comment/page', '127.0.0.1', '本機地址', '{\"articleId\":14,\"page\":1,\"size\":12}'),
(812, '2022-11-15 08:17:23.839404', '2022-11-15 08:17:23.839404', NULL, '/app/news/article/list', '127.0.0.1', '本機地址', '{\"isTop\":true}'),
(813, '2022-11-15 08:17:23.881391', '2022-11-15 08:17:23.881391', NULL, '/app/news/article/list', '127.0.0.1', '本機地址', '{\"isHot\":true}'),
(814, '2022-11-15 08:17:23.931224', '2022-11-15 08:17:23.931224', NULL, '/app/news/article/list', '127.0.0.1', '本機地址', '{\"size\":8,\"type\":\"video\"}'),
(815, '2022-11-15 08:17:24.064096', '2022-11-15 08:17:24.064096', NULL, '/app/news/article/page', '127.0.0.1', '本機地址', '{\"size\":8,\"type\":\"normal\"}'),
(816, '2022-11-15 08:17:47.292640', '2022-11-15 08:17:47.292640', NULL, '/app/news/article/categories', '127.0.0.1', '本機地址', NULL),
(817, '2022-11-15 08:17:47.338573', '2022-11-15 08:17:47.338573', NULL, '/app/news/article/list', '127.0.0.1', '本機地址', '{\"isTop\":true}'),
(818, '2022-11-15 08:17:47.363035', '2022-11-15 08:17:47.363035', NULL, '/app/news/article/list', '127.0.0.1', '本機地址', '{\"isHot\":true}'),
(819, '2022-11-15 08:17:47.431074', '2022-11-15 08:17:47.431074', NULL, '/app/news/article/list', '127.0.0.1', '本機地址', '{\"size\":8,\"type\":\"video\"}'),
(820, '2022-11-15 08:17:47.455557', '2022-11-15 08:17:47.455557', NULL, '/app/news/article/page', '127.0.0.1', '本機地址', '{\"size\":8,\"type\":\"normal\"}'),
(821, '2022-11-15 13:28:16.590229', '2022-11-15 13:28:16.590229', NULL, '/app/news/article/info', '127.0.0.1', '本機地址', '{\"slug\":\"uv\",\"client\":true}'),
(822, '2022-11-15 13:28:16.746896', '2022-11-15 13:28:16.746896', NULL, '/app/news/article/info', '127.0.0.1', '本機地址', '{\"slug\":\"uv\",\"client\":true}'),
(823, '2022-11-15 13:28:16.822674', '2022-11-15 13:28:16.822674', NULL, '/app/news/article/list', '127.0.0.1', '本機地址', '{\"size\":3,\"articleId\":21}'),
(824, '2022-11-15 13:28:16.962586', '2022-11-15 13:28:16.962586', NULL, '/app/news/article/comment/page', '127.0.0.1', '本機地址', '{\"articleId\":21,\"page\":1,\"size\":12}'),
(825, '2022-11-15 13:28:27.674059', '2022-11-15 13:28:27.674059', NULL, '/app/auth/login', '127.0.0.1', '本機地址', '{\"phone\":\"0953705508\",\"password\":\"q556678s\"}'),
(826, '2022-11-15 13:28:27.767353', '2022-11-15 13:28:27.767353', NULL, '/app/user/person', '127.0.0.1', '本機地址', NULL),
(827, '2022-11-15 13:28:27.783398', '2022-11-15 13:28:27.783398', NULL, '/app/news/article/info', '127.0.0.1', '本機地址', '{\"slug\":\"uv\",\"client\":true}'),
(828, '2022-11-15 13:28:38.045525', '2022-11-15 13:28:38.045525', NULL, '/app/news/article/categories', '127.0.0.1', '本機地址', NULL),
(829, '2022-11-15 13:28:38.121620', '2022-11-15 13:28:38.121620', NULL, '/app/news/article/list', '127.0.0.1', '本機地址', '{\"isTop\":true}'),
(830, '2022-11-15 13:28:38.252779', '2022-11-15 13:28:38.252779', NULL, '/app/news/article/list', '127.0.0.1', '本機地址', '{\"isHot\":true}'),
(831, '2022-11-15 13:28:38.306925', '2022-11-15 13:28:38.306925', NULL, '/app/news/article/list', '127.0.0.1', '本機地址', '{\"size\":8,\"type\":\"video\"}'),
(832, '2022-11-15 13:28:38.355258', '2022-11-15 13:28:38.355258', NULL, '/app/news/article/page', '127.0.0.1', '本機地址', '{\"size\":8,\"type\":\"normal\"}'),
(833, '2022-11-15 13:28:49.595079', '2022-11-15 13:28:49.595079', NULL, '/app/news/article/info', '127.0.0.1', '本機地址', '{\"slug\":\"video\",\"client\":true}'),
(834, '2022-11-15 13:28:49.680832', '2022-11-15 13:28:49.680832', NULL, '/app/news/article/list', '127.0.0.1', '本機地址', '{\"size\":3,\"articleId\":26}'),
(835, '2022-11-15 13:28:49.727946', '2022-11-15 13:28:49.727946', NULL, '/app/news/article/comment/page', '127.0.0.1', '本機地址', '{\"articleId\":26,\"page\":1,\"size\":12}'),
(836, '2022-11-15 13:30:05.140746', '2022-11-15 13:30:05.140746', NULL, '/app/news/article/list', '127.0.0.1', '本機地址', '{\"isTop\":true}'),
(837, '2022-11-15 13:30:05.233669', '2022-11-15 13:30:05.233669', NULL, '/app/news/article/list', '127.0.0.1', '本機地址', '{\"isHot\":true}'),
(838, '2022-11-15 13:30:05.314683', '2022-11-15 13:30:05.314683', NULL, '/app/news/article/list', '127.0.0.1', '本機地址', '{\"size\":8,\"type\":\"video\"}'),
(839, '2022-11-15 13:30:05.348111', '2022-11-15 13:30:05.348111', NULL, '/app/news/article/page', '127.0.0.1', '本機地址', '{\"size\":8,\"type\":\"normal\"}'),
(840, '2022-11-15 13:30:09.342078', '2022-11-15 13:30:09.342078', NULL, '/app/news/article/categories', '127.0.0.1', '本機地址', NULL),
(841, '2022-11-15 13:30:09.388689', '2022-11-15 13:30:09.388689', NULL, '/app/news/article/list', '127.0.0.1', '本機地址', '{\"isTop\":true}'),
(842, '2022-11-15 13:30:09.454436', '2022-11-15 13:30:09.454436', NULL, '/app/news/article/list', '127.0.0.1', '本機地址', '{\"isHot\":true}'),
(843, '2022-11-15 13:30:09.485956', '2022-11-15 13:30:09.485956', NULL, '/app/news/article/list', '127.0.0.1', '本機地址', '{\"size\":8,\"type\":\"video\"}'),
(844, '2022-11-15 13:30:09.529703', '2022-11-15 13:30:09.529703', NULL, '/app/news/article/page', '127.0.0.1', '本機地址', '{\"size\":8,\"type\":\"normal\"}'),
(845, '2022-11-15 13:30:52.631656', '2022-11-15 13:30:52.631656', NULL, '/app/user/person', '127.0.0.1', '本機地址', NULL),
(846, '2022-11-15 13:30:52.713367', '2022-11-15 13:30:52.713367', NULL, '/app/tip/today', '127.0.0.1', '本機地址', '{\"client\":true}'),
(847, '2022-11-15 13:30:53.203278', '2022-11-15 13:30:53.203278', NULL, '/app/news/article/categories', '127.0.0.1', '本機地址', NULL),
(848, '2022-11-15 13:31:41.411713', '2022-11-15 13:31:41.411713', NULL, '/app/user/person', '127.0.0.1', '本機地址', NULL),
(849, '2022-11-15 13:31:41.578159', '2022-11-15 13:31:41.578159', NULL, '/app/tip/today', '127.0.0.1', '本機地址', '{\"client\":true}'),
(850, '2022-11-15 13:31:42.558571', '2022-11-15 13:31:42.558571', NULL, '/app/news/article/categories', '127.0.0.1', '本機地址', NULL),
(851, '2022-11-15 13:31:42.572465', '2022-11-15 13:31:42.572465', NULL, '/app/news/article/list', '127.0.0.1', '本機地址', '{\"size\":12,\"type\":\"video\"}'),
(852, '2022-11-15 13:32:08.553433', '2022-11-15 13:32:08.553433', NULL, '/app/user/person', '127.0.0.1', '本機地址', NULL),
(853, '2022-11-15 13:32:08.702482', '2022-11-15 13:32:08.702482', NULL, '/app/tip/today', '127.0.0.1', '本機地址', '{\"client\":true}'),
(854, '2022-11-15 13:32:09.702811', '2022-11-15 13:32:09.702811', NULL, '/app/news/article/categories', '127.0.0.1', '本機地址', NULL),
(855, '2022-11-15 13:32:09.747217', '2022-11-15 13:32:09.747217', NULL, '/app/news/article/list', '127.0.0.1', '本機地址', '{\"size\":12,\"type\":\"video\"}'),
(856, '2022-11-15 13:32:40.670687', '2022-11-15 13:32:40.670687', NULL, '/app/user/person', '127.0.0.1', '本機地址', NULL),
(857, '2022-11-15 13:32:40.724373', '2022-11-15 13:32:40.724373', NULL, '/app/tip/today', '127.0.0.1', '本機地址', '{\"client\":true}'),
(858, '2022-11-15 13:32:41.274175', '2022-11-15 13:32:41.274175', NULL, '/app/news/article/categories', '127.0.0.1', '本機地址', NULL),
(859, '2022-11-15 13:32:41.293399', '2022-11-15 13:32:41.293399', NULL, '/app/news/article/list', '127.0.0.1', '本機地址', '{\"size\":12,\"type\":\"video\"}'),
(860, '2022-11-15 13:32:52.849687', '2022-11-15 13:32:52.849687', NULL, '/app/user/person', '127.0.0.1', '本機地址', NULL),
(861, '2022-11-15 13:32:53.191860', '2022-11-15 13:32:53.191860', NULL, '/app/tip/today', '127.0.0.1', '本機地址', '{\"client\":true}'),
(862, '2022-11-15 13:32:53.409970', '2022-11-15 13:32:53.409970', NULL, '/app/news/article/categories', '127.0.0.1', '本機地址', NULL),
(863, '2022-11-15 13:32:53.418555', '2022-11-15 13:32:53.418555', NULL, '/app/news/article/list', '127.0.0.1', '本機地址', '{\"size\":12,\"type\":\"video\"}'),
(864, '2022-11-15 13:33:02.538138', '2022-11-15 13:33:02.538138', NULL, '/app/user/person', '127.0.0.1', '本機地址', NULL),
(865, '2022-11-15 13:33:02.755076', '2022-11-15 13:33:02.755076', NULL, '/app/tip/today', '127.0.0.1', '本機地址', '{\"client\":true}'),
(866, '2022-11-15 13:33:03.451649', '2022-11-15 13:33:03.451649', NULL, '/app/news/article/categories', '127.0.0.1', '本機地址', NULL),
(867, '2022-11-15 13:33:03.472205', '2022-11-15 13:33:03.472205', NULL, '/app/news/article/list', '127.0.0.1', '本機地址', '{\"size\":12,\"type\":\"video\"}'),
(868, '2022-11-15 13:33:49.729661', '2022-11-15 13:33:49.729661', NULL, '/app/user/person', '127.0.0.1', '本機地址', NULL),
(869, '2022-11-15 13:33:49.949089', '2022-11-15 13:33:49.949089', NULL, '/app/tip/today', '127.0.0.1', '本機地址', '{\"client\":true}'),
(870, '2022-11-15 13:33:50.933707', '2022-11-15 13:33:50.933707', NULL, '/app/news/article/categories', '127.0.0.1', '本機地址', NULL),
(871, '2022-11-15 13:33:50.959535', '2022-11-15 13:33:50.959535', NULL, '/app/news/article/list', '127.0.0.1', '本機地址', '{\"size\":12,\"type\":\"video\"}'),
(872, '2022-11-15 13:34:07.953638', '2022-11-15 13:34:07.953638', NULL, '/app/user/person', '127.0.0.1', '本機地址', NULL),
(873, '2022-11-15 13:34:08.251320', '2022-11-15 13:34:08.251320', NULL, '/app/tip/today', '127.0.0.1', '本機地址', '{\"client\":true}'),
(874, '2022-11-15 13:34:09.307840', '2022-11-15 13:34:09.307840', NULL, '/app/news/article/categories', '127.0.0.1', '本機地址', NULL),
(875, '2022-11-15 13:34:09.336704', '2022-11-15 13:34:09.336704', NULL, '/app/news/article/list', '127.0.0.1', '本機地址', '{\"size\":12,\"type\":\"video\"}'),
(876, '2022-11-15 13:34:20.785851', '2022-11-15 13:34:20.785851', NULL, '/app/user/person', '127.0.0.1', '本機地址', NULL),
(877, '2022-11-15 13:34:22.041217', '2022-11-15 13:34:22.041217', NULL, '/app/tip/today', '127.0.0.1', '本機地址', '{\"client\":true}'),
(878, '2022-11-15 13:34:22.287153', '2022-11-15 13:34:22.287153', NULL, '/app/news/article/categories', '127.0.0.1', '本機地址', NULL),
(879, '2022-11-15 13:34:22.323621', '2022-11-15 13:34:22.323621', NULL, '/app/news/article/list', '127.0.0.1', '本機地址', '{\"size\":12,\"type\":\"video\"}'),
(880, '2022-11-15 13:34:47.814697', '2022-11-15 13:34:47.814697', NULL, '/app/news/article/categories', '127.0.0.1', '本機地址', NULL),
(881, '2022-11-15 13:34:47.840846', '2022-11-15 13:34:47.840846', NULL, '/app/news/article/list', '127.0.0.1', '本機地址', '{\"isTop\":true}'),
(882, '2022-11-15 13:34:47.897426', '2022-11-15 13:34:47.897426', NULL, '/app/news/article/list', '127.0.0.1', '本機地址', '{\"isHot\":true}'),
(883, '2022-11-15 13:34:47.921726', '2022-11-15 13:34:47.921726', NULL, '/app/news/article/list', '127.0.0.1', '本機地址', '{\"size\":8,\"type\":\"video\"}'),
(884, '2022-11-15 13:34:47.941360', '2022-11-15 13:34:47.941360', NULL, '/app/news/article/page', '127.0.0.1', '本機地址', '{\"size\":8,\"type\":\"normal\"}'),
(885, '2022-11-15 13:34:52.788883', '2022-11-15 13:34:52.788883', NULL, '/app/user/person', '127.0.0.1', '本機地址', NULL),
(886, '2022-11-15 13:34:52.935612', '2022-11-15 13:34:52.935612', NULL, '/app/tip/today', '127.0.0.1', '本機地址', '{\"client\":true}'),
(887, '2022-11-15 13:35:00.159466', '2022-11-15 13:35:00.159466', NULL, '/app/news/article/info', '127.0.0.1', '本機地址', '{\"slug\":\"video\",\"client\":true}'),
(888, '2022-11-15 13:35:00.198692', '2022-11-15 13:35:00.198692', NULL, '/app/news/article/list', '127.0.0.1', '本機地址', '{\"size\":3,\"articleId\":26}'),
(889, '2022-11-15 13:35:00.350344', '2022-11-15 13:35:00.350344', NULL, '/app/news/article/comment/page', '127.0.0.1', '本機地址', '{\"articleId\":26,\"page\":1,\"size\":12}'),
(890, '2022-11-15 13:35:10.601832', '2022-11-15 13:35:10.601832', NULL, '/app/news/article/list', '127.0.0.1', '本機地址', '{\"isTop\":true}'),
(891, '2022-11-15 13:35:10.650864', '2022-11-15 13:35:10.650864', NULL, '/app/news/article/list', '127.0.0.1', '本機地址', '{\"isHot\":true}'),
(892, '2022-11-15 13:35:10.774720', '2022-11-15 13:35:10.774720', NULL, '/app/news/article/list', '127.0.0.1', '本機地址', '{\"size\":8,\"type\":\"video\"}'),
(893, '2022-11-15 13:35:10.815849', '2022-11-15 13:35:10.815849', NULL, '/app/news/article/page', '127.0.0.1', '本機地址', '{\"size\":8,\"type\":\"normal\"}'),
(894, '2022-11-15 13:35:23.367572', '2022-11-15 13:35:23.367572', NULL, '/app/news/article/categories', '127.0.0.1', '本機地址', NULL),
(895, '2022-11-15 13:35:23.399775', '2022-11-15 13:35:23.399775', NULL, '/app/news/article/list', '127.0.0.1', '本機地址', '{\"isTop\":true}'),
(896, '2022-11-15 13:35:23.428363', '2022-11-15 13:35:23.428363', NULL, '/app/news/article/list', '127.0.0.1', '本機地址', '{\"isHot\":true}'),
(897, '2022-11-15 13:35:23.449322', '2022-11-15 13:35:23.449322', NULL, '/app/news/article/list', '127.0.0.1', '本機地址', '{\"size\":8,\"type\":\"video\"}'),
(898, '2022-11-15 13:35:23.465842', '2022-11-15 13:35:23.465842', NULL, '/app/news/article/page', '127.0.0.1', '本機地址', '{\"size\":8,\"type\":\"normal\"}'),
(899, '2022-11-15 13:35:26.424761', '2022-11-15 13:35:26.424761', NULL, '/app/user/person', '127.0.0.1', '本機地址', NULL),
(900, '2022-11-15 13:35:26.491302', '2022-11-15 13:35:26.491302', NULL, '/app/tip/today', '127.0.0.1', '本機地址', '{\"client\":true}'),
(901, '2022-11-15 13:35:34.061033', '2022-11-15 13:35:34.061033', NULL, '/app/user/person', '127.0.0.1', '本機地址', NULL),
(902, '2022-11-15 13:35:34.349102', '2022-11-15 13:35:34.349102', NULL, '/app/tip/today', '127.0.0.1', '本機地址', '{\"client\":true}'),
(903, '2022-11-15 13:35:34.479769', '2022-11-15 13:35:34.479769', NULL, '/app/news/article/categories', '127.0.0.1', '本機地址', NULL),
(904, '2022-11-15 13:35:34.538678', '2022-11-15 13:35:34.538678', NULL, '/app/news/article/list', '127.0.0.1', '本機地址', '{\"size\":12,\"type\":\"video\"}'),
(905, '2022-11-15 13:36:17.715686', '2022-11-15 13:36:17.715686', NULL, '/app/news/article/categories', '127.0.0.1', '本機地址', NULL),
(906, '2022-11-15 13:36:17.813362', '2022-11-15 13:36:17.813362', NULL, '/app/news/article/page', '127.0.0.1', '本機地址', '{\"size\":12,\"type\":\"video\"}'),
(907, '2022-11-15 13:36:18.179051', '2022-11-15 13:36:18.179051', NULL, '/app/news/article/categories', '127.0.0.1', '本機地址', NULL),
(908, '2022-11-15 13:36:18.287094', '2022-11-15 13:36:18.287094', NULL, '/app/news/article/page', '127.0.0.1', '本機地址', '{\"size\":12,\"type\":\"video\"}'),
(909, '2022-11-15 13:36:29.899605', '2022-11-15 13:36:29.899605', NULL, '/app/user/person', '127.0.0.1', '本機地址', NULL),
(910, '2022-11-15 13:36:34.723114', '2022-11-15 13:36:34.723114', NULL, '/app/tip/today', '127.0.0.1', '本機地址', '{\"client\":true}'),
(911, '2022-11-15 13:36:39.523513', '2022-11-15 13:36:39.523513', NULL, '/app/news/article/categories', '127.0.0.1', '本機地址', NULL),
(912, '2022-11-15 13:36:39.606440', '2022-11-15 13:36:39.606440', NULL, '/app/news/article/page', '127.0.0.1', '本機地址', '{\"size\":12,\"type\":\"video\"}'),
(913, '2022-11-15 13:36:43.657310', '2022-11-15 13:36:43.657310', NULL, '/app/news/article/categories', '127.0.0.1', '本機地址', NULL),
(914, '2022-11-15 13:36:43.717951', '2022-11-15 13:36:43.717951', NULL, '/app/news/article/info', '127.0.0.1', '本機地址', '{\"slug\":\"video\",\"client\":false}'),
(915, '2022-11-15 13:36:43.805427', '2022-11-15 13:36:43.805427', NULL, '/app/news/article/info', '127.0.0.1', '本機地址', '{\"slug\":\"video\",\"client\":false}'),
(916, '2022-11-15 13:36:43.837357', '2022-11-15 13:36:43.837357', NULL, '/app/news/article/list', '127.0.0.1', '本機地址', '{\"size\":3,\"articleId\":26}'),
(917, '2022-11-15 13:36:43.878357', '2022-11-15 13:36:43.878357', NULL, '/app/news/article/comment/page', '127.0.0.1', '本機地址', '{\"articleId\":26,\"page\":1,\"size\":12}'),
(918, '2022-11-15 13:36:50.902164', '2022-11-15 13:36:50.902164', NULL, '/app/user/person', '127.0.0.1', '本機地址', NULL),
(919, '2022-11-15 13:36:51.383751', '2022-11-15 13:36:51.383751', NULL, '/app/tip/today', '127.0.0.1', '本機地址', '{\"client\":true}'),
(920, '2022-11-15 13:36:52.437124', '2022-11-15 13:36:52.437124', NULL, '/app/news/article/info', '127.0.0.1', '本機地址', '{\"slug\":\"video\",\"client\":true}'),
(921, '2022-11-15 13:44:24.521966', '2022-11-15 13:44:24.521966', NULL, '/app/news/article/categories', '127.0.0.1', '本機地址', NULL),
(922, '2022-11-15 13:44:24.572527', '2022-11-15 13:44:24.572527', NULL, '/app/news/article/info', '127.0.0.1', '本機地址', '{\"slug\":\"video\",\"client\":false}'),
(923, '2022-11-15 13:44:24.623360', '2022-11-15 13:44:24.623360', NULL, '/app/news/article/info', '127.0.0.1', '本機地址', '{\"slug\":\"video\",\"client\":false}'),
(924, '2022-11-15 13:44:24.656804', '2022-11-15 13:44:24.656804', NULL, '/app/news/article/list', '127.0.0.1', '本機地址', '{\"size\":3,\"articleId\":26}'),
(925, '2022-11-15 13:44:24.682548', '2022-11-15 13:44:24.682548', NULL, '/app/news/article/comment/page', '127.0.0.1', '本機地址', '{\"articleId\":26,\"page\":1,\"size\":12}'),
(926, '2022-11-15 13:44:28.678354', '2022-11-15 13:44:28.678354', NULL, '/app/user/person', '127.0.0.1', '本機地址', NULL),
(927, '2022-11-15 13:44:28.755793', '2022-11-15 13:44:28.755793', NULL, '/app/tip/today', '127.0.0.1', '本機地址', '{\"client\":true}'),
(928, '2022-11-15 13:44:28.921951', '2022-11-15 13:44:28.921951', NULL, '/app/news/article/info', '127.0.0.1', '本機地址', '{\"slug\":\"video\",\"client\":true}'),
(929, '2022-11-15 15:26:42.953737', '2022-11-15 15:26:42.953737', NULL, '/app/news/article/categories', '127.0.0.1', '本機地址', NULL),
(930, '2022-11-15 15:26:43.003577', '2022-11-15 15:26:43.003577', NULL, '/app/news/article/list', '127.0.0.1', '本機地址', '{\"isTop\":true}'),
(931, '2022-11-15 15:26:43.051920', '2022-11-15 15:26:43.051920', NULL, '/app/news/article/list', '127.0.0.1', '本機地址', '{\"isHot\":true}'),
(932, '2022-11-15 15:26:43.121476', '2022-11-15 15:26:43.121476', NULL, '/app/news/article/list', '127.0.0.1', '本機地址', '{\"size\":8,\"type\":\"video\"}'),
(933, '2022-11-15 15:26:43.140806', '2022-11-15 15:26:43.140806', NULL, '/app/news/article/page', '127.0.0.1', '本機地址', '{\"size\":8,\"type\":\"normal\"}'),
(934, '2022-11-15 15:26:45.715742', '2022-11-15 15:26:45.715742', NULL, '/app/user/person', '127.0.0.1', '本機地址', NULL),
(935, '2022-11-15 15:26:45.760048', '2022-11-15 15:26:45.760048', NULL, '/app/tip/today', '127.0.0.1', '本機地址', '{\"client\":true}'),
(936, '2022-11-15 16:21:37.735816', '2022-11-15 16:21:37.735816', NULL, '/app/news/article/categories', '127.0.0.1', '本機地址', NULL),
(937, '2022-11-15 16:21:37.786916', '2022-11-15 16:21:37.786916', NULL, '/app/news/article/list', '127.0.0.1', '本機地址', '{\"isTop\":true}'),
(938, '2022-11-15 16:21:37.842052', '2022-11-15 16:21:37.842052', NULL, '/app/news/article/list', '127.0.0.1', '本機地址', '{\"isHot\":true}'),
(939, '2022-11-15 16:21:37.873300', '2022-11-15 16:21:37.873300', NULL, '/app/news/article/list', '127.0.0.1', '本機地址', '{\"size\":8,\"type\":\"video\"}'),
(940, '2022-11-15 16:21:37.910023', '2022-11-15 16:21:37.910023', NULL, '/app/news/article/page', '127.0.0.1', '本機地址', '{\"size\":8,\"type\":\"normal\"}'),
(941, '2022-11-15 16:21:41.234449', '2022-11-15 16:21:41.234449', NULL, '/app/user/person', '127.0.0.1', '本機地址', NULL),
(942, '2022-11-15 16:21:41.340808', '2022-11-15 16:21:41.340808', NULL, '/app/tip/today', '127.0.0.1', '本機地址', '{\"client\":true}'),
(943, '2022-11-15 16:24:12.244468', '2022-11-15 16:24:12.244468', NULL, '/app/news/article/categories', '127.0.0.1', '本機地址', NULL),
(944, '2022-11-15 16:24:12.274119', '2022-11-15 16:24:12.274119', NULL, '/app/news/article/list', '127.0.0.1', '本機地址', '{\"isTop\":true}'),
(945, '2022-11-15 16:24:12.321571', '2022-11-15 16:24:12.321571', NULL, '/app/news/article/list', '127.0.0.1', '本機地址', '{\"isHot\":true}'),
(946, '2022-11-15 16:24:12.369763', '2022-11-15 16:24:12.369763', NULL, '/app/news/article/list', '127.0.0.1', '本機地址', '{\"size\":8,\"type\":\"video\"}'),
(947, '2022-11-15 16:24:12.423926', '2022-11-15 16:24:12.423926', NULL, '/app/news/article/page', '127.0.0.1', '本機地址', '{\"size\":8,\"type\":\"normal\"}'),
(948, '2022-11-15 16:24:16.067604', '2022-11-15 16:24:16.067604', NULL, '/app/news/article/categories', '127.0.0.1', '本機地址', NULL),
(949, '2022-11-15 16:24:16.099230', '2022-11-15 16:24:16.099230', NULL, '/app/news/article/list', '127.0.0.1', '本機地址', '{\"isTop\":true}'),
(950, '2022-11-15 16:24:16.146793', '2022-11-15 16:24:16.146793', NULL, '/app/news/article/list', '127.0.0.1', '本機地址', '{\"isHot\":true}'),
(951, '2022-11-15 16:24:16.170292', '2022-11-15 16:24:16.170292', NULL, '/app/news/article/list', '127.0.0.1', '本機地址', '{\"size\":8,\"type\":\"video\"}'),
(952, '2022-11-15 16:24:16.192198', '2022-11-15 16:24:16.192198', NULL, '/app/news/article/page', '127.0.0.1', '本機地址', '{\"size\":8,\"type\":\"normal\"}'),
(953, '2022-11-15 16:24:19.208896', '2022-11-15 16:24:19.208896', NULL, '/app/user/person', '127.0.0.1', '本機地址', NULL),
(954, '2022-11-15 16:24:19.349761', '2022-11-15 16:24:19.349761', NULL, '/app/tip/today', '127.0.0.1', '本機地址', '{\"client\":true}'),
(955, '2022-11-15 16:24:33.660759', '2022-11-15 16:24:33.660759', NULL, '/app/news/article/categories', '127.0.0.1', '本機地址', NULL),
(956, '2022-11-15 16:24:33.692408', '2022-11-15 16:24:33.692408', NULL, '/app/news/article/list', '127.0.0.1', '本機地址', '{\"isTop\":true}'),
(957, '2022-11-15 16:24:33.729318', '2022-11-15 16:24:33.729318', NULL, '/app/news/article/list', '127.0.0.1', '本機地址', '{\"isHot\":true}'),
(958, '2022-11-15 16:24:33.755447', '2022-11-15 16:24:33.755447', NULL, '/app/news/article/list', '127.0.0.1', '本機地址', '{\"size\":8,\"type\":\"video\"}'),
(959, '2022-11-15 16:24:33.770389', '2022-11-15 16:24:33.770389', NULL, '/app/news/article/page', '127.0.0.1', '本機地址', '{\"size\":8,\"type\":\"normal\"}'),
(960, '2022-11-15 16:24:36.619147', '2022-11-15 16:24:36.619147', NULL, '/app/user/person', '127.0.0.1', '本機地址', NULL),
(961, '2022-11-15 16:24:36.685717', '2022-11-15 16:24:36.685717', NULL, '/app/tip/today', '127.0.0.1', '本機地址', '{\"client\":true}'),
(962, '2022-11-15 16:25:31.508220', '2022-11-15 16:25:31.508220', NULL, '/app/news/article/categories', '127.0.0.1', '本機地址', NULL),
(963, '2022-11-15 16:25:31.512456', '2022-11-15 16:25:31.512456', NULL, '/app/news/article/info', '127.0.0.1', '本機地址', '{\"slug\":\"video\",\"client\":true}'),
(964, '2022-11-15 16:25:31.579887', '2022-11-15 16:25:31.579887', NULL, '/app/news/article/list', '127.0.0.1', '本機地址', '{\"isTop\":true}'),
(965, '2022-11-15 16:25:31.607315', '2022-11-15 16:25:31.607315', NULL, '/app/news/article/list', '127.0.0.1', '本機地址', '{\"isHot\":true}'),
(966, '2022-11-15 16:25:31.637072', '2022-11-15 16:25:31.637072', NULL, '/app/news/article/list', '127.0.0.1', '本機地址', '{\"size\":3,\"articleId\":26}'),
(967, '2022-11-15 16:25:31.659211', '2022-11-15 16:25:31.659211', NULL, '/app/news/article/list', '127.0.0.1', '本機地址', '{\"size\":8,\"type\":\"video\"}'),
(968, '2022-11-15 16:25:31.681537', '2022-11-15 16:25:31.681537', NULL, '/app/news/article/page', '127.0.0.1', '本機地址', '{\"size\":8,\"type\":\"normal\"}'),
(969, '2022-11-15 16:25:31.694299', '2022-11-15 16:25:31.694299', NULL, '/app/news/article/comment/page', '127.0.0.1', '本機地址', '{\"articleId\":26,\"page\":1,\"size\":12}'),
(970, '2022-11-15 16:25:36.866000', '2022-11-15 16:25:36.866000', NULL, '/app/news/article/categories', '127.0.0.1', '本機地址', NULL),
(971, '2022-11-15 16:25:36.882597', '2022-11-15 16:25:36.882597', NULL, '/app/news/article/info', '127.0.0.1', '本機地址', '{\"slug\":\"video\",\"client\":false}'),
(972, '2022-11-15 16:25:36.900966', '2022-11-15 16:25:36.900966', NULL, '/app/news/article/info', '127.0.0.1', '本機地址', '{\"slug\":\"video\",\"client\":false}'),
(973, '2022-11-15 16:25:36.926118', '2022-11-15 16:25:36.926118', NULL, '/app/news/article/list', '127.0.0.1', '本機地址', '{\"size\":3,\"articleId\":26}'),
(974, '2022-11-15 16:25:36.943360', '2022-11-15 16:25:36.943360', NULL, '/app/news/article/comment/page', '127.0.0.1', '本機地址', '{\"articleId\":26,\"page\":1,\"size\":12}'),
(975, '2022-11-15 16:25:38.537269', '2022-11-15 16:25:38.537269', NULL, '/app/user/person', '127.0.0.1', '本機地址', NULL),
(976, '2022-11-15 16:25:38.914496', '2022-11-15 16:25:38.914496', NULL, '/app/tip/today', '127.0.0.1', '本機地址', '{\"client\":true}'),
(977, '2022-11-15 16:25:39.074017', '2022-11-15 16:25:39.074017', NULL, '/app/news/article/info', '127.0.0.1', '本機地址', '{\"slug\":\"video\",\"client\":true}'),
(978, '2022-11-15 16:26:10.931810', '2022-11-15 16:26:10.931810', NULL, '/app/news/article/categories', '127.0.0.1', '本機地址', NULL),
(979, '2022-11-15 16:26:10.975236', '2022-11-15 16:26:10.975236', NULL, '/app/news/article/info', '127.0.0.1', '本機地址', '{\"slug\":\"video\",\"client\":false}'),
(980, '2022-11-15 16:26:10.989953', '2022-11-15 16:26:10.989953', NULL, '/app/news/article/info', '127.0.0.1', '本機地址', '{\"slug\":\"video\",\"client\":false}'),
(981, '2022-11-15 16:26:11.008362', '2022-11-15 16:26:11.008362', NULL, '/app/news/article/list', '127.0.0.1', '本機地址', '{\"size\":3,\"articleId\":26}'),
(982, '2022-11-15 16:26:11.034637', '2022-11-15 16:26:11.034637', NULL, '/app/news/article/comment/page', '127.0.0.1', '本機地址', '{\"articleId\":26,\"page\":1,\"size\":12}'),
(983, '2022-11-15 16:26:12.192728', '2022-11-15 16:26:12.192728', NULL, '/app/news/article/info', '127.0.0.1', '本機地址', '{\"slug\":\"video\",\"client\":true}'),
(984, '2022-11-15 16:27:40.010156', '2022-11-15 16:27:40.010156', NULL, '/app/news/article/categories', '127.0.0.1', '本機地址', NULL),
(985, '2022-11-15 16:27:40.054459', '2022-11-15 16:27:40.054459', NULL, '/app/news/article/info', '127.0.0.1', '本機地址', '{\"slug\":\"video\",\"client\":false}'),
(986, '2022-11-15 16:27:40.077666', '2022-11-15 16:27:40.077666', NULL, '/app/news/article/info', '127.0.0.1', '本機地址', '{\"slug\":\"video\",\"client\":false}'),
(987, '2022-11-15 16:27:40.129785', '2022-11-15 16:27:40.129785', NULL, '/app/news/article/list', '127.0.0.1', '本機地址', '{\"size\":3,\"articleId\":26}'),
(988, '2022-11-15 16:27:40.192154', '2022-11-15 16:27:40.192154', NULL, '/app/news/article/comment/page', '127.0.0.1', '本機地址', '{\"articleId\":26,\"page\":1,\"size\":12}'),
(989, '2022-11-15 16:27:42.482385', '2022-11-15 16:27:42.482385', NULL, '/app/user/person', '127.0.0.1', '本機地址', NULL),
(990, '2022-11-15 16:27:42.579246', '2022-11-15 16:27:42.579246', NULL, '/app/tip/today', '127.0.0.1', '本機地址', '{\"client\":true}'),
(991, '2022-11-15 16:27:43.106824', '2022-11-15 16:27:43.106824', NULL, '/app/news/article/info', '127.0.0.1', '本機地址', '{\"slug\":\"video\",\"client\":true}'),
(992, '2022-11-15 16:27:47.239657', '2022-11-15 16:27:47.239657', NULL, '/app/news/article/categories', '127.0.0.1', '本機地址', NULL),
(993, '2022-11-15 16:27:47.280182', '2022-11-15 16:27:47.280182', NULL, '/app/news/article/info', '127.0.0.1', '本機地址', '{\"slug\":\"video\",\"client\":false}'),
(994, '2022-11-15 16:27:47.322445', '2022-11-15 16:27:47.322445', NULL, '/app/news/article/info', '127.0.0.1', '本機地址', '{\"slug\":\"video\",\"client\":false}'),
(995, '2022-11-15 16:27:47.346767', '2022-11-15 16:27:47.346767', NULL, '/app/news/article/list', '127.0.0.1', '本機地址', '{\"size\":3,\"articleId\":26}'),
(996, '2022-11-15 16:27:47.374143', '2022-11-15 16:27:47.374143', NULL, '/app/news/article/comment/page', '127.0.0.1', '本機地址', '{\"articleId\":26,\"page\":1,\"size\":12}'),
(997, '2022-11-15 16:27:50.032610', '2022-11-15 16:27:50.032610', NULL, '/app/user/person', '127.0.0.1', '本機地址', NULL),
(998, '2022-11-15 16:27:50.071716', '2022-11-15 16:27:50.071716', NULL, '/app/tip/today', '127.0.0.1', '本機地址', '{\"client\":true}'),
(999, '2022-11-15 16:27:50.151574', '2022-11-15 16:27:50.151574', NULL, '/app/news/article/info', '127.0.0.1', '本機地址', '{\"slug\":\"video\",\"client\":true}'),
(1000, '2022-11-15 16:27:59.357616', '2022-11-15 16:27:59.357616', NULL, '/app/news/article/categories', '127.0.0.1', '本機地址', NULL),
(1001, '2022-11-15 16:27:59.411216', '2022-11-15 16:27:59.411216', NULL, '/app/news/article/info', '127.0.0.1', '本機地址', '{\"slug\":\"video\",\"client\":false}'),
(1002, '2022-11-15 16:27:59.441111', '2022-11-15 16:27:59.441111', NULL, '/app/news/article/info', '127.0.0.1', '本機地址', '{\"slug\":\"video\",\"client\":false}'),
(1003, '2022-11-15 16:27:59.466550', '2022-11-15 16:27:59.466550', NULL, '/app/news/article/list', '127.0.0.1', '本機地址', '{\"size\":3,\"articleId\":26}'),
(1004, '2022-11-15 16:27:59.539063', '2022-11-15 16:27:59.539063', NULL, '/app/news/article/comment/page', '127.0.0.1', '本機地址', '{\"articleId\":26,\"page\":1,\"size\":12}'),
(1005, '2022-11-15 16:28:01.460930', '2022-11-15 16:28:01.460930', NULL, '/app/user/person', '127.0.0.1', '本機地址', NULL),
(1006, '2022-11-15 16:28:01.582032', '2022-11-15 16:28:01.582032', NULL, '/app/tip/today', '127.0.0.1', '本機地址', '{\"client\":true}'),
(1007, '2022-11-15 16:28:01.663621', '2022-11-15 16:28:01.663621', NULL, '/app/news/article/info', '127.0.0.1', '本機地址', '{\"slug\":\"video\",\"client\":true}'),
(1008, '2022-11-15 16:28:06.471488', '2022-11-15 16:28:06.471488', NULL, '/app/industry-category/info', '127.0.0.1', '本機地址', '{\"slug\":\"chemical-raw-materials\"}'),
(1009, '2022-11-15 16:28:06.497087', '2022-11-15 16:28:06.497087', NULL, '/app/news/article/list', '127.0.0.1', '本機地址', '{\"size\":8,\"type\":\"video\",\"category\":\"chemical-raw-materials\"}'),
(1010, '2022-11-15 16:28:06.573840', '2022-11-15 16:28:06.573840', NULL, '/app/news/article/page', '127.0.0.1', '本機地址', '{\"size\":8,\"type\":\"normal\",\"category\":\"chemical-raw-materials\"}'),
(1011, '2022-11-15 16:28:07.340012', '2022-11-15 16:28:07.340012', NULL, '/app/news/article/list', '127.0.0.1', '本機地址', '{\"isTop\":true}'),
(1012, '2022-11-15 16:28:07.391171', '2022-11-15 16:28:07.391171', NULL, '/app/news/article/list', '127.0.0.1', '本機地址', '{\"isHot\":true}'),
(1013, '2022-11-15 16:28:07.431009', '2022-11-15 16:28:07.431009', NULL, '/app/news/article/list', '127.0.0.1', '本機地址', '{\"size\":8,\"type\":\"video\"}'),
(1014, '2022-11-15 16:28:07.477081', '2022-11-15 16:28:07.477081', NULL, '/app/news/article/page', '127.0.0.1', '本機地址', '{\"size\":8,\"type\":\"normal\"}'),
(1015, '2022-11-15 16:28:08.677671', '2022-11-15 16:28:08.677671', NULL, '/app/news/article/info', '127.0.0.1', '本機地址', '{\"slug\":\"video\",\"client\":true}'),
(1016, '2022-11-15 16:28:08.725196', '2022-11-15 16:28:08.725196', NULL, '/app/news/article/list', '127.0.0.1', '本機地址', '{\"size\":3,\"articleId\":26}'),
(1017, '2022-11-15 16:28:08.758120', '2022-11-15 16:28:08.758120', NULL, '/app/news/article/comment/page', '127.0.0.1', '本機地址', '{\"articleId\":26,\"page\":1,\"size\":12}'),
(1018, '2022-11-15 16:28:15.310282', '2022-11-15 16:28:15.310282', NULL, '/app/news/article/list', '127.0.0.1', '本機地址', '{\"isTop\":true}'),
(1019, '2022-11-15 16:28:15.398777', '2022-11-15 16:28:15.398777', NULL, '/app/news/article/list', '127.0.0.1', '本機地址', '{\"isHot\":true}'),
(1020, '2022-11-15 16:28:15.465471', '2022-11-15 16:28:15.465471', NULL, '/app/news/article/list', '127.0.0.1', '本機地址', '{\"size\":8,\"type\":\"video\"}'),
(1021, '2022-11-15 16:28:15.523375', '2022-11-15 16:28:15.523375', NULL, '/app/news/article/page', '127.0.0.1', '本機地址', '{\"size\":8,\"type\":\"normal\"}'),
(1022, '2022-11-15 16:28:17.301660', '2022-11-15 16:28:17.301660', NULL, '/app/news/article/info', '127.0.0.1', '本機地址', '{\"slug\":\"video\",\"client\":true}'),
(1023, '2022-11-15 16:28:17.359735', '2022-11-15 16:28:17.359735', NULL, '/app/news/article/list', '127.0.0.1', '本機地址', '{\"size\":3,\"articleId\":26}'),
(1024, '2022-11-15 16:28:17.398744', '2022-11-15 16:28:17.398744', NULL, '/app/news/article/comment/page', '127.0.0.1', '本機地址', '{\"articleId\":26,\"page\":1,\"size\":12}'),
(1025, '2022-11-15 16:28:20.417998', '2022-11-15 16:28:20.417998', NULL, '/app/news/article/list', '127.0.0.1', '本機地址', '{\"isTop\":true}'),
(1026, '2022-11-15 16:28:20.462572', '2022-11-15 16:28:20.462572', NULL, '/app/news/article/list', '127.0.0.1', '本機地址', '{\"isHot\":true}'),
(1027, '2022-11-15 16:28:20.544153', '2022-11-15 16:28:20.544153', NULL, '/app/news/article/list', '127.0.0.1', '本機地址', '{\"size\":8,\"type\":\"video\"}'),
(1028, '2022-11-15 16:28:20.575720', '2022-11-15 16:28:20.575720', NULL, '/app/news/article/page', '127.0.0.1', '本機地址', '{\"size\":8,\"type\":\"normal\"}'),
(1029, '2022-11-15 16:28:32.712953', '2022-11-15 16:28:32.712953', NULL, '/app/news/article/info', '127.0.0.1', '本機地址', '{\"slug\":\"video\",\"client\":true}'),
(1030, '2022-11-15 16:28:32.743132', '2022-11-15 16:28:32.743132', NULL, '/app/news/article/list', '127.0.0.1', '本機地址', '{\"size\":3,\"articleId\":26}'),
(1031, '2022-11-15 16:28:32.792001', '2022-11-15 16:28:32.792001', NULL, '/app/news/article/comment/page', '127.0.0.1', '本機地址', '{\"articleId\":26,\"page\":1,\"size\":12}'),
(1032, '2022-11-15 16:28:44.234436', '2022-11-15 16:28:44.234436', NULL, '/app/news/article/info', '127.0.0.1', '本機地址', '{\"slug\":\"video\",\"client\":true}'),
(1033, '2022-11-15 16:28:44.274959', '2022-11-15 16:28:44.274959', NULL, '/app/news/article/list', '127.0.0.1', '本機地址', '{\"size\":3,\"articleId\":26}'),
(1034, '2022-11-15 16:28:44.319527', '2022-11-15 16:28:44.319527', NULL, '/app/news/article/comment/page', '127.0.0.1', '本機地址', '{\"articleId\":26,\"page\":1,\"size\":12}'),
(1035, '2022-11-15 16:28:59.438204', '2022-11-15 16:28:59.438204', NULL, '/app/news/article/info', '127.0.0.1', '本機地址', '{\"slug\":\"video\",\"client\":true}'),
(1036, '2022-11-15 16:28:59.477888', '2022-11-15 16:28:59.477888', NULL, '/app/news/article/list', '127.0.0.1', '本機地址', '{\"size\":3,\"articleId\":26}'),
(1037, '2022-11-15 16:28:59.572322', '2022-11-15 16:28:59.572322', NULL, '/app/news/article/comment/page', '127.0.0.1', '本機地址', '{\"articleId\":26,\"page\":1,\"size\":12}'),
(1038, '2022-11-15 16:29:12.055596', '2022-11-15 16:29:12.055596', NULL, '/app/news/article/info', '127.0.0.1', '本機地址', '{\"slug\":\"video\",\"client\":true}'),
(1039, '2022-11-15 16:29:12.100004', '2022-11-15 16:29:12.100004', NULL, '/app/news/article/list', '127.0.0.1', '本機地址', '{\"size\":3,\"articleId\":26}'),
(1040, '2022-11-15 16:29:12.137900', '2022-11-15 16:29:12.137900', NULL, '/app/news/article/comment/page', '127.0.0.1', '本機地址', '{\"articleId\":26,\"page\":1,\"size\":12}'),
(1041, '2022-11-15 16:29:15.420162', '2022-11-15 16:29:15.420162', NULL, '/app/news/article/list', '127.0.0.1', '本機地址', '{\"isTop\":true}'),
(1042, '2022-11-15 16:29:15.489682', '2022-11-15 16:29:15.489682', NULL, '/app/news/article/list', '127.0.0.1', '本機地址', '{\"isHot\":true}'),
(1043, '2022-11-15 16:29:15.575729', '2022-11-15 16:29:15.575729', NULL, '/app/news/article/list', '127.0.0.1', '本機地址', '{\"size\":8,\"type\":\"video\"}'),
(1044, '2022-11-15 16:29:15.607655', '2022-11-15 16:29:15.607655', NULL, '/app/news/article/page', '127.0.0.1', '本機地址', '{\"size\":8,\"type\":\"normal\"}'),
(1045, '2022-11-15 16:33:14.749986', '2022-11-15 16:33:14.749986', NULL, '/admin/base/open/eps', '127.0.0.1', '本機地址', NULL),
(1046, '2022-11-15 16:33:14.937124', '2022-11-15 16:33:14.937124', NULL, '/admin/base/open/captcha', '127.0.0.1', '本機地址', '{\"height\":\"40\",\"width\":\"150\"}'),
(1047, '2022-11-15 16:33:17.577216', '2022-11-15 16:33:17.577216', NULL, '/admin/base/open/eps', '127.0.0.1', '本機地址', NULL),
(1048, '2022-11-15 16:33:17.595497', '2022-11-15 16:33:17.595497', NULL, '/admin/base/open/captcha', '127.0.0.1', '本機地址', '{\"height\":\"40\",\"width\":\"150\"}'),
(1049, '2022-11-15 16:37:04.880078', '2022-11-15 16:37:04.880078', NULL, '/admin/base/open/login', '127.0.0.1', '本機地址', '{\"username\":\"admin\",\"password\":\"123123\",\"captchaId\":\"27674090-64c0-11ed-bc57-c707f66e409c\",\"verifyCode\":\"9291\"}'),
(1050, '2022-11-15 16:37:04.941339', '2022-11-15 16:37:04.941339', 1, '/admin/base/comm/person', '127.0.0.1', '本機地址', NULL),
(1051, '2022-11-15 16:37:04.960751', '2022-11-15 16:37:04.960751', 1, '/admin/base/comm/permmenu', '127.0.0.1', '本機地址', NULL),
(1052, '2022-11-15 16:37:05.295113', '2022-11-15 16:37:05.295113', 1, '/admin/tip/index/page', '127.0.0.1', '本機地址', '{\"page\":1,\"size\":20}'),
(1053, '2022-11-15 16:37:07.677379', '2022-11-15 16:37:07.677379', 1, '/admin/news/article/page', '127.0.0.1', '本機地址', '{\"page\":1,\"size\":20}'),
(1054, '2022-11-15 16:37:17.530259', '2022-11-15 16:37:17.530259', 1, '/admin/news/comment/page', '127.0.0.1', '本機地址', '{\"page\":1,\"size\":20,\"articleId\":19}'),
(1055, '2022-11-15 16:37:21.190814', '2022-11-15 16:37:21.190814', 1, '/admin/news/article/info', '127.0.0.1', '本機地址', '{\"id\":\"19\"}'),
(1056, '2022-11-15 16:37:21.197420', '2022-11-15 16:37:21.197420', 1, '/admin/base/sys/user/list', '127.0.0.1', '本機地址', NULL),
(1057, '2022-11-15 16:37:22.817783', '2022-11-15 16:37:22.817783', 1, '/admin/space/info/page', '127.0.0.1', '本機地址', '{\"page\":1,\"size\":20,\"total\":0,\"classifyId\":null}'),
(1058, '2022-11-15 16:37:22.828989', '2022-11-15 16:37:22.828989', 1, '/admin/industry/category/list', '127.0.0.1', '本機地址', NULL),
(1059, '2022-11-15 16:37:22.912654', '2022-11-15 16:37:22.912654', 1, '/admin/space/info/page', '127.0.0.1', '本機地址', '{\"page\":1,\"size\":20,\"total\":0,\"classifyId\":null}'),
(1060, '2022-11-15 16:37:22.921401', '2022-11-15 16:37:22.921401', 1, '/admin/space/info/page', '127.0.0.1', '本機地址', '{\"page\":1,\"size\":20,\"total\":0,\"classifyId\":null}'),
(1061, '2022-11-15 16:37:24.525856', '2022-11-15 16:37:24.525856', 1, '/admin/news/article/info', '127.0.0.1', '本機地址', '{\"id\":\"19\"}'),
(1062, '2022-11-15 16:37:24.533947', '2022-11-15 16:37:24.533947', 1, '/admin/base/sys/user/list', '127.0.0.1', '本機地址', NULL),
(1063, '2022-11-15 16:37:26.011818', '2022-11-15 16:37:26.011818', 1, '/admin/space/info/page', '127.0.0.1', '本機地址', '{\"page\":1,\"size\":20,\"total\":0,\"classifyId\":null}'),
(1064, '2022-11-15 16:37:26.015804', '2022-11-15 16:37:26.015804', 1, '/admin/industry/category/list', '127.0.0.1', '本機地址', NULL),
(1065, '2022-11-15 16:37:26.044299', '2022-11-15 16:37:26.044299', 1, '/admin/space/info/page', '127.0.0.1', '本機地址', '{\"page\":1,\"size\":20,\"total\":0,\"classifyId\":null}'),
(1066, '2022-11-15 16:37:26.087845', '2022-11-15 16:37:26.087845', 1, '/admin/space/info/page', '127.0.0.1', '本機地址', '{\"page\":1,\"size\":20,\"total\":0,\"classifyId\":null}'),
(1067, '2022-11-15 16:37:34.262374', '2022-11-15 16:37:34.262374', NULL, '/app/user/person', '127.0.0.1', '本機地址', NULL),
(1068, '2022-11-15 16:37:34.337116', '2022-11-15 16:37:34.337116', NULL, '/app/tip/today', '127.0.0.1', '本機地址', '{\"client\":true}'),
(1069, '2022-11-15 16:37:35.448286', '2022-11-15 16:37:35.448286', NULL, '/app/news/article/categories', '127.0.0.1', '本機地址', NULL),
(1070, '2022-11-15 16:37:35.467315', '2022-11-15 16:37:35.467315', NULL, '/app/news/article/info', '127.0.0.1', '本機地址', '{\"slug\":\"reskin-plastic-skin\",\"client\":false}'),
(1071, '2022-11-15 16:37:35.532353', '2022-11-15 16:37:35.532353', NULL, '/app/news/article/info', '127.0.0.1', '本機地址', '{\"slug\":\"reskin-plastic-skin\",\"client\":false}'),
(1072, '2022-11-15 16:37:35.558029', '2022-11-15 16:37:35.558029', NULL, '/app/news/article/list', '127.0.0.1', '本機地址', '{\"size\":3,\"articleId\":19}'),
(1073, '2022-11-15 16:37:35.588152', '2022-11-15 16:37:35.588152', NULL, '/app/news/article/comment/page', '127.0.0.1', '本機地址', '{\"articleId\":19,\"page\":1,\"size\":12}'),
(1074, '2022-11-15 16:37:37.176298', '2022-11-15 16:37:37.176298', NULL, '/app/user/person', '127.0.0.1', '本機地址', NULL),
(1075, '2022-11-15 16:37:37.220223', '2022-11-15 16:37:37.220223', NULL, '/app/tip/today', '127.0.0.1', '本機地址', '{\"client\":true}'),
(1076, '2022-11-15 16:37:37.274069', '2022-11-15 16:37:37.274069', NULL, '/app/news/article/info', '127.0.0.1', '本機地址', '{\"slug\":\"reskin-plastic-skin\",\"client\":true}'),
(1077, '2022-11-15 16:38:20.703308', '2022-11-15 16:38:20.703308', NULL, '/app/news/article/categories', '127.0.0.1', '本機地址', NULL),
(1078, '2022-11-15 16:38:20.745837', '2022-11-15 16:38:20.745837', NULL, '/app/news/article/info', '127.0.0.1', '本機地址', '{\"slug\":\"video\",\"client\":false}'),
(1079, '2022-11-15 16:38:20.833495', '2022-11-15 16:38:20.833495', NULL, '/app/news/article/info', '127.0.0.1', '本機地址', '{\"slug\":\"video\",\"client\":false}'),
(1080, '2022-11-15 16:38:20.855947', '2022-11-15 16:38:20.855947', NULL, '/app/news/article/list', '127.0.0.1', '本機地址', '{\"size\":3,\"articleId\":26}'),
(1081, '2022-11-15 16:38:20.884247', '2022-11-15 16:38:20.884247', NULL, '/app/news/article/comment/page', '127.0.0.1', '本機地址', '{\"articleId\":26,\"page\":1,\"size\":12}'),
(1082, '2022-11-15 16:38:21.003917', '2022-11-15 16:38:21.003917', NULL, '/app/news/article/categories', '127.0.0.1', '本機地址', NULL),
(1083, '2022-11-15 16:38:21.067951', '2022-11-15 16:38:21.067951', NULL, '/app/news/article/info', '127.0.0.1', '本機地址', '{\"slug\":\"reskin-plastic-skin\",\"client\":false}'),
(1084, '2022-11-15 16:38:21.147480', '2022-11-15 16:38:21.147480', NULL, '/app/news/article/info', '127.0.0.1', '本機地址', '{\"slug\":\"reskin-plastic-skin\",\"client\":false}'),
(1085, '2022-11-15 16:38:21.218585', '2022-11-15 16:38:21.218585', NULL, '/app/news/article/list', '127.0.0.1', '本機地址', '{\"size\":3,\"articleId\":19}'),
(1086, '2022-11-15 16:38:21.308426', '2022-11-15 16:38:21.308426', NULL, '/app/news/article/comment/page', '127.0.0.1', '本機地址', '{\"articleId\":19,\"page\":1,\"size\":12}'),
(1087, '2022-11-15 16:38:26.962112', '2022-11-15 16:38:26.962112', NULL, '/app/user/person', '127.0.0.1', '本機地址', NULL),
(1088, '2022-11-15 16:38:27.107628', '2022-11-15 16:38:27.107628', NULL, '/app/tip/today', '127.0.0.1', '本機地址', '{\"client\":true}'),
(1089, '2022-11-15 16:38:27.317181', '2022-11-15 16:38:27.317181', NULL, '/app/news/article/info', '127.0.0.1', '本機地址', '{\"slug\":\"reskin-plastic-skin\",\"client\":true}'),
(1090, '2022-11-15 16:38:29.001552', '2022-11-15 16:38:29.001552', NULL, '/app/news/article/info', '127.0.0.1', '本機地址', '{\"slug\":\"video\",\"client\":true}'),
(1091, '2022-11-15 16:38:40.681040', '2022-11-15 16:38:40.681040', NULL, '/app/news/article/categories', '127.0.0.1', '本機地址', NULL),
(1092, '2022-11-15 16:38:40.716124', '2022-11-15 16:38:40.716124', NULL, '/app/news/article/info', '127.0.0.1', '本機地址', '{\"slug\":\"video\",\"client\":false}'),
(1093, '2022-11-15 16:38:40.766048', '2022-11-15 16:38:40.766048', NULL, '/app/news/article/info', '127.0.0.1', '本機地址', '{\"slug\":\"video\",\"client\":false}'),
(1094, '2022-11-15 16:38:40.806843', '2022-11-15 16:38:40.806843', NULL, '/app/news/article/list', '127.0.0.1', '本機地址', '{\"size\":3,\"articleId\":26}'),
(1095, '2022-11-15 16:38:40.849284', '2022-11-15 16:38:40.849284', NULL, '/app/news/article/categories', '127.0.0.1', '本機地址', NULL),
(1096, '2022-11-15 16:38:40.859925', '2022-11-15 16:38:40.859925', NULL, '/app/news/article/comment/page', '127.0.0.1', '本機地址', '{\"articleId\":26,\"page\":1,\"size\":12}'),
(1097, '2022-11-15 16:38:40.941100', '2022-11-15 16:38:40.941100', NULL, '/app/news/article/info', '127.0.0.1', '本機地址', '{\"slug\":\"reskin-plastic-skin\",\"client\":false}'),
(1098, '2022-11-15 16:38:40.963911', '2022-11-15 16:38:40.963911', NULL, '/app/news/article/info', '127.0.0.1', '本機地址', '{\"slug\":\"reskin-plastic-skin\",\"client\":false}'),
(1099, '2022-11-15 16:38:41.001960', '2022-11-15 16:38:41.001960', NULL, '/app/news/article/list', '127.0.0.1', '本機地址', '{\"size\":3,\"articleId\":19}');

INSERT INTO `base_sys_log` (`id`, `createTime`, `updateTime`, `userId`, `action`, `ip`, `ipAddr`, `params`) VALUES
(1100, '2022-11-15 16:38:41.030680', '2022-11-15 16:38:41.030680', NULL, '/app/news/article/comment/page', '127.0.0.1', '本機地址', '{\"articleId\":19,\"page\":1,\"size\":12}'),
(1101, '2022-11-15 16:38:43.691227', '2022-11-15 16:38:43.691227', NULL, '/app/user/person', '127.0.0.1', '本機地址', NULL),
(1102, '2022-11-15 16:38:44.889874', '2022-11-15 16:38:44.889874', NULL, '/app/tip/today', '127.0.0.1', '本機地址', '{\"client\":true}'),
(1103, '2022-11-15 16:38:44.897495', '2022-11-15 16:38:44.897495', NULL, '/app/news/article/info', '127.0.0.1', '本機地址', '{\"slug\":\"video\",\"client\":true}'),
(1104, '2022-11-15 16:38:44.980214', '2022-11-15 16:38:44.980214', NULL, '/app/news/article/comment/page', '127.0.0.1', '本機地址', '{\"articleId\":26,\"page\":1,\"size\":12}'),
(1105, '2022-11-15 16:38:44.996216', '2022-11-15 16:38:44.996216', NULL, '/app/news/article/info', '127.0.0.1', '本機地址', '{\"slug\":\"reskin-plastic-skin\",\"client\":true}'),
(1106, '2022-11-15 16:39:03.118074', '2022-11-15 16:39:03.118074', NULL, '/app/news/article/categories', '127.0.0.1', '本機地址', NULL),
(1107, '2022-11-15 16:39:03.142614', '2022-11-15 16:39:03.142614', NULL, '/app/news/article/info', '127.0.0.1', '本機地址', '{\"slug\":\"video\",\"client\":false}'),
(1108, '2022-11-15 16:39:03.166027', '2022-11-15 16:39:03.166027', NULL, '/app/news/article/info', '127.0.0.1', '本機地址', '{\"slug\":\"video\",\"client\":false}'),
(1109, '2022-11-15 16:39:03.236378', '2022-11-15 16:39:03.236378', NULL, '/app/news/article/list', '127.0.0.1', '本機地址', '{\"size\":3,\"articleId\":26}'),
(1110, '2022-11-15 16:39:03.290078', '2022-11-15 16:39:03.290078', NULL, '/app/news/article/comment/page', '127.0.0.1', '本機地址', '{\"articleId\":26,\"page\":1,\"size\":12}'),
(1111, '2022-11-15 16:39:03.385731', '2022-11-15 16:39:03.385731', NULL, '/app/news/article/categories', '127.0.0.1', '本機地址', NULL),
(1112, '2022-11-15 16:39:03.494653', '2022-11-15 16:39:03.494653', NULL, '/app/news/article/info', '127.0.0.1', '本機地址', '{\"slug\":\"reskin-plastic-skin\",\"client\":false}'),
(1113, '2022-11-15 16:39:03.586254', '2022-11-15 16:39:03.586254', NULL, '/app/news/article/info', '127.0.0.1', '本機地址', '{\"slug\":\"reskin-plastic-skin\",\"client\":false}'),
(1114, '2022-11-15 16:39:03.604518', '2022-11-15 16:39:03.604518', NULL, '/app/news/article/list', '127.0.0.1', '本機地址', '{\"size\":3,\"articleId\":19}'),
(1115, '2022-11-15 16:39:03.698210', '2022-11-15 16:39:03.698210', NULL, '/app/news/article/comment/page', '127.0.0.1', '本機地址', '{\"articleId\":19,\"page\":1,\"size\":12}'),
(1116, '2022-11-15 16:39:08.472898', '2022-11-15 16:39:08.472898', NULL, '/app/news/article/categories', '127.0.0.1', '本機地址', NULL),
(1117, '2022-11-15 16:39:08.479242', '2022-11-15 16:39:08.479242', NULL, '/app/news/article/categories', '127.0.0.1', '本機地址', NULL),
(1118, '2022-11-15 16:39:08.533940', '2022-11-15 16:39:08.533940', NULL, '/app/news/article/info', '127.0.0.1', '本機地址', '{\"slug\":\"reskin-plastic-skin\",\"client\":false}'),
(1119, '2022-11-15 16:39:08.551910', '2022-11-15 16:39:08.551910', NULL, '/app/news/article/info', '127.0.0.1', '本機地址', '{\"slug\":\"video\",\"client\":false}'),
(1120, '2022-11-15 16:39:08.595678', '2022-11-15 16:39:08.595678', NULL, '/app/news/article/info', '127.0.0.1', '本機地址', '{\"slug\":\"reskin-plastic-skin\",\"client\":false}'),
(1121, '2022-11-15 16:39:08.627597', '2022-11-15 16:39:08.627597', NULL, '/app/news/article/info', '127.0.0.1', '本機地址', '{\"slug\":\"video\",\"client\":false}'),
(1122, '2022-11-15 16:39:08.752125', '2022-11-15 16:39:08.752125', NULL, '/app/news/article/list', '127.0.0.1', '本機地址', '{\"size\":3,\"articleId\":19}'),
(1123, '2022-11-15 16:39:08.764015', '2022-11-15 16:39:08.764015', NULL, '/app/news/article/list', '127.0.0.1', '本機地址', '{\"size\":3,\"articleId\":26}'),
(1124, '2022-11-15 16:39:08.921609', '2022-11-15 16:39:08.921609', NULL, '/app/news/article/comment/page', '127.0.0.1', '本機地址', '{\"articleId\":19,\"page\":1,\"size\":12}'),
(1125, '2022-11-15 16:39:08.933925', '2022-11-15 16:39:08.933925', NULL, '/app/news/article/comment/page', '127.0.0.1', '本機地址', '{\"articleId\":26,\"page\":1,\"size\":12}'),
(1126, '2022-11-15 16:39:13.309246', '2022-11-15 16:39:13.309246', NULL, '/app/user/person', '127.0.0.1', '本機地址', NULL),
(1127, '2022-11-15 16:39:13.416867', '2022-11-15 16:39:13.416867', NULL, '/app/tip/today', '127.0.0.1', '本機地址', '{\"client\":true}'),
(1128, '2022-11-15 16:39:13.650647', '2022-11-15 16:39:13.650647', NULL, '/app/news/article/categories', '127.0.0.1', '本機地址', NULL),
(1129, '2022-11-15 16:39:13.689185', '2022-11-15 16:39:13.689185', NULL, '/app/news/article/info', '127.0.0.1', '本機地址', '{\"slug\":\"video\",\"client\":true}'),
(1130, '2022-11-15 16:39:13.703341', '2022-11-15 16:39:13.703341', NULL, '/app/news/article/list', '127.0.0.1', '本機地址', '{\"size\":3}'),
(1131, '2022-11-15 16:39:13.715828', '2022-11-15 16:39:13.715828', NULL, '/app/news/article/comment/page', '127.0.0.1', '本機地址', '{\"page\":1,\"size\":12}'),
(1132, '2022-11-15 16:39:13.771566', '2022-11-15 16:39:13.771566', NULL, '/app/news/article/info', '127.0.0.1', '本機地址', '{\"slug\":\"reskin-plastic-skin\",\"client\":true}'),
(1133, '2022-11-15 16:39:42.163198', '2022-11-15 16:39:42.163198', NULL, '/app/news/article/categories', '127.0.0.1', '本機地址', NULL),
(1134, '2022-11-15 16:39:42.186341', '2022-11-15 16:39:42.186341', NULL, '/app/news/article/info', '127.0.0.1', '本機地址', '{\"slug\":\"video\",\"client\":false}'),
(1135, '2022-11-15 16:39:42.215420', '2022-11-15 16:39:42.215420', NULL, '/app/news/article/info', '127.0.0.1', '本機地址', '{\"slug\":\"video\",\"client\":false}'),
(1136, '2022-11-15 16:39:42.232899', '2022-11-15 16:39:42.232899', NULL, '/app/news/article/list', '127.0.0.1', '本機地址', '{\"size\":3,\"articleId\":26}'),
(1137, '2022-11-15 16:39:42.289667', '2022-11-15 16:39:42.289667', NULL, '/app/news/article/comment/page', '127.0.0.1', '本機地址', '{\"articleId\":26,\"page\":1,\"size\":12}'),
(1138, '2022-11-15 16:39:42.355605', '2022-11-15 16:39:42.355605', NULL, '/app/news/article/categories', '127.0.0.1', '本機地址', NULL),
(1139, '2022-11-15 16:39:42.395296', '2022-11-15 16:39:42.395296', NULL, '/app/news/article/info', '127.0.0.1', '本機地址', '{\"slug\":\"reskin-plastic-skin\",\"client\":false}'),
(1140, '2022-11-15 16:39:42.438779', '2022-11-15 16:39:42.438779', NULL, '/app/news/article/info', '127.0.0.1', '本機地址', '{\"slug\":\"reskin-plastic-skin\",\"client\":false}'),
(1141, '2022-11-15 16:39:42.461176', '2022-11-15 16:39:42.461176', NULL, '/app/news/article/list', '127.0.0.1', '本機地址', '{\"size\":3,\"articleId\":19}'),
(1142, '2022-11-15 16:39:42.491386', '2022-11-15 16:39:42.491386', NULL, '/app/news/article/comment/page', '127.0.0.1', '本機地址', '{\"articleId\":19,\"page\":1,\"size\":12}'),
(1143, '2022-11-15 16:39:47.347017', '2022-11-15 16:39:47.347017', NULL, '/app/user/person', '127.0.0.1', '本機地址', NULL),
(1144, '2022-11-15 16:39:47.973392', '2022-11-15 16:39:47.973392', NULL, '/app/tip/today', '127.0.0.1', '本機地址', '{\"client\":true}'),
(1145, '2022-11-15 16:39:48.372780', '2022-11-15 16:39:48.372780', NULL, '/app/news/article/info', '127.0.0.1', '本機地址', '{\"slug\":\"video\",\"client\":true}'),
(1146, '2022-11-15 16:39:48.476926', '2022-11-15 16:39:48.476926', NULL, '/app/news/article/info', '127.0.0.1', '本機地址', '{\"slug\":\"reskin-plastic-skin\",\"client\":true}'),
(1147, '2022-11-15 16:40:19.995984', '2022-11-15 16:40:19.995984', NULL, '/app/news/article/categories', '127.0.0.1', '本機地址', NULL),
(1148, '2022-11-15 16:40:20.011922', '2022-11-15 16:40:20.011922', NULL, '/app/news/article/categories', '127.0.0.1', '本機地址', NULL),
(1149, '2022-11-15 16:40:20.099877', '2022-11-15 16:40:20.099877', NULL, '/app/news/article/info', '127.0.0.1', '本機地址', '{\"slug\":\"reskin-plastic-skin\",\"client\":false}'),
(1150, '2022-11-15 16:40:20.122064', '2022-11-15 16:40:20.122064', NULL, '/app/news/article/info', '127.0.0.1', '本機地址', '{\"slug\":\"video\",\"client\":false}'),
(1151, '2022-11-15 16:40:20.348579', '2022-11-15 16:40:20.348579', NULL, '/app/news/article/categories', '127.0.0.1', '本機地址', NULL),
(1152, '2022-11-15 16:40:20.359803', '2022-11-15 16:40:20.359803', NULL, '/app/news/article/info', '127.0.0.1', '本機地址', '{\"slug\":\"reskin-plastic-skin\",\"client\":false}'),
(1153, '2022-11-15 16:40:20.377653', '2022-11-15 16:40:20.377653', NULL, '/app/news/article/info', '127.0.0.1', '本機地址', '{\"slug\":\"video\",\"client\":false}'),
(1154, '2022-11-15 16:40:20.469168', '2022-11-15 16:40:20.469168', NULL, '/app/news/article/info', '127.0.0.1', '本機地址', '{\"slug\":\"reskin-plastic-skin\",\"client\":false}'),
(1155, '2022-11-15 16:40:20.526653', '2022-11-15 16:40:20.526653', NULL, '/app/news/article/list', '127.0.0.1', '本機地址', '{\"size\":3,\"articleId\":19}'),
(1156, '2022-11-15 16:40:20.598046', '2022-11-15 16:40:20.598046', NULL, '/app/news/article/list', '127.0.0.1', '本機地址', '{\"size\":3,\"articleId\":26}'),
(1157, '2022-11-15 16:40:20.631240', '2022-11-15 16:40:20.631240', NULL, '/app/news/article/info', '127.0.0.1', '本機地址', '{\"slug\":\"reskin-plastic-skin\",\"client\":false}'),
(1158, '2022-11-15 16:40:20.717898', '2022-11-15 16:40:20.717898', NULL, '/app/news/article/comment/page', '127.0.0.1', '本機地址', '{\"articleId\":19,\"page\":1,\"size\":12}'),
(1159, '2022-11-15 16:40:20.746672', '2022-11-15 16:40:20.746672', NULL, '/app/news/article/comment/page', '127.0.0.1', '本機地址', '{\"articleId\":26,\"page\":1,\"size\":12}'),
(1160, '2022-11-15 16:40:20.806481', '2022-11-15 16:40:20.806481', NULL, '/app/news/article/list', '127.0.0.1', '本機地址', '{\"size\":3,\"articleId\":19}'),
(1161, '2022-11-15 16:40:20.876010', '2022-11-15 16:40:20.876010', NULL, '/app/news/article/comment/page', '127.0.0.1', '本機地址', '{\"articleId\":19,\"page\":1,\"size\":12}'),
(1162, '2022-11-15 16:40:23.453678', '2022-11-15 16:40:23.453678', NULL, '/app/user/person', '127.0.0.1', '本機地址', NULL),
(1163, '2022-11-15 16:40:24.098703', '2022-11-15 16:40:24.098703', NULL, '/app/tip/today', '127.0.0.1', '本機地址', '{\"client\":true}'),
(1164, '2022-11-15 16:40:24.164260', '2022-11-15 16:40:24.164260', NULL, '/app/news/article/info', '127.0.0.1', '本機地址', '{\"slug\":\"reskin-plastic-skin\",\"client\":true}'),
(1165, '2022-11-15 16:40:24.267252', '2022-11-15 16:40:24.267252', NULL, '/app/news/article/list', '127.0.0.1', '本機地址', '{\"size\":3,\"articleId\":19}'),
(1166, '2022-11-15 16:40:24.279660', '2022-11-15 16:40:24.279660', NULL, '/app/news/article/comment/page', '127.0.0.1', '本機地址', '{\"articleId\":19,\"page\":1,\"size\":12}'),
(1167, '2022-11-15 16:40:25.727166', '2022-11-15 16:40:25.727166', NULL, '/app/news/article/categories', '127.0.0.1', '本機地址', NULL),
(1168, '2022-11-15 16:40:25.773028', '2022-11-15 16:40:25.773028', NULL, '/app/news/article/info', '127.0.0.1', '本機地址', '{\"slug\":\"video\",\"client\":true}'),
(1169, '2022-11-15 16:40:25.781073', '2022-11-15 16:40:25.781073', NULL, '/app/news/article/list', '127.0.0.1', '本機地址', '{\"size\":3}'),
(1170, '2022-11-15 16:40:25.792358', '2022-11-15 16:40:25.792358', NULL, '/app/news/article/comment/page', '127.0.0.1', '本機地址', '{\"page\":1,\"size\":12}'),
(1171, '2022-11-15 16:40:55.009708', '2022-11-15 16:40:55.009708', NULL, '/app/news/article/categories', '127.0.0.1', '本機地址', NULL),
(1172, '2022-11-15 16:40:55.067543', '2022-11-15 16:40:55.067543', NULL, '/app/news/article/info', '127.0.0.1', '本機地址', '{\"slug\":\"video\",\"client\":false}'),
(1173, '2022-11-15 16:40:55.084989', '2022-11-15 16:40:55.084989', NULL, '/app/news/article/info', '127.0.0.1', '本機地址', '{\"slug\":\"video\",\"client\":false}'),
(1174, '2022-11-15 16:40:55.099007', '2022-11-15 16:40:55.099007', NULL, '/app/news/article/list', '127.0.0.1', '本機地址', '{\"size\":3,\"articleId\":26}'),
(1175, '2022-11-15 16:40:55.124191', '2022-11-15 16:40:55.124191', NULL, '/app/news/article/comment/page', '127.0.0.1', '本機地址', '{\"articleId\":26,\"page\":1,\"size\":12}'),
(1176, '2022-11-15 16:40:55.156047', '2022-11-15 16:40:55.156047', NULL, '/app/news/article/categories', '127.0.0.1', '本機地址', NULL),
(1177, '2022-11-15 16:40:55.175746', '2022-11-15 16:40:55.175746', NULL, '/app/news/article/info', '127.0.0.1', '本機地址', '{\"slug\":\"reskin-plastic-skin\",\"client\":false}'),
(1178, '2022-11-15 16:40:55.188580', '2022-11-15 16:40:55.188580', NULL, '/app/news/article/info', '127.0.0.1', '本機地址', '{\"slug\":\"reskin-plastic-skin\",\"client\":false}'),
(1179, '2022-11-15 16:40:55.200576', '2022-11-15 16:40:55.200576', NULL, '/app/news/article/list', '127.0.0.1', '本機地址', '{\"size\":3,\"articleId\":19}'),
(1180, '2022-11-15 16:40:55.265745', '2022-11-15 16:40:55.265745', NULL, '/app/news/article/comment/page', '127.0.0.1', '本機地址', '{\"articleId\":19,\"page\":1,\"size\":12}'),
(1181, '2022-11-15 16:40:58.828711', '2022-11-15 16:40:58.828711', NULL, '/app/user/person', '127.0.0.1', '本機地址', NULL),
(1182, '2022-11-15 16:41:00.231622', '2022-11-15 16:41:00.231622', NULL, '/app/tip/today', '127.0.0.1', '本機地址', '{\"client\":true}'),
(1183, '2022-11-15 16:41:00.367469', '2022-11-15 16:41:00.367469', NULL, '/app/news/article/info', '127.0.0.1', '本機地址', '{\"slug\":\"reskin-plastic-skin\",\"client\":true}'),
(1184, '2022-11-15 16:41:01.825073', '2022-11-15 16:41:01.825073', NULL, '/app/news/article/info', '127.0.0.1', '本機地址', '{\"slug\":\"video\",\"client\":true}'),
(1185, '2022-11-15 16:41:32.155555', '2022-11-15 16:41:32.155555', NULL, '/app/news/article/categories', '127.0.0.1', '本機地址', NULL),
(1186, '2022-11-15 16:41:32.229157', '2022-11-15 16:41:32.229157', NULL, '/app/news/article/info', '127.0.0.1', '本機地址', '{\"slug\":\"reskin-plastic-skin\",\"client\":false}'),
(1187, '2022-11-15 16:41:32.286698', '2022-11-15 16:41:32.286698', NULL, '/app/news/article/info', '127.0.0.1', '本機地址', '{\"slug\":\"reskin-plastic-skin\",\"client\":false}'),
(1188, '2022-11-15 16:41:32.328972', '2022-11-15 16:41:32.328972', NULL, '/app/news/article/list', '127.0.0.1', '本機地址', '{\"size\":3,\"articleId\":19}'),
(1189, '2022-11-15 16:41:32.368300', '2022-11-15 16:41:32.368300', NULL, '/app/news/article/comment/page', '127.0.0.1', '本機地址', '{\"articleId\":19,\"page\":1,\"size\":12}'),
(1190, '2022-11-15 16:41:32.472267', '2022-11-15 16:41:32.472267', NULL, '/app/news/article/categories', '127.0.0.1', '本機地址', NULL),
(1191, '2022-11-15 16:41:32.511232', '2022-11-15 16:41:32.511232', NULL, '/app/news/article/info', '127.0.0.1', '本機地址', '{\"slug\":\"video\",\"client\":false}'),
(1192, '2022-11-15 16:41:32.602263', '2022-11-15 16:41:32.602263', NULL, '/app/news/article/info', '127.0.0.1', '本機地址', '{\"slug\":\"video\",\"client\":false}'),
(1193, '2022-11-15 16:41:32.622725', '2022-11-15 16:41:32.622725', NULL, '/app/news/article/list', '127.0.0.1', '本機地址', '{\"size\":3,\"articleId\":26}'),
(1194, '2022-11-15 16:41:32.647511', '2022-11-15 16:41:32.647511', NULL, '/app/news/article/comment/page', '127.0.0.1', '本機地址', '{\"articleId\":26,\"page\":1,\"size\":12}'),
(1195, '2022-11-15 16:41:34.864413', '2022-11-15 16:41:34.864413', NULL, '/app/user/person', '127.0.0.1', '本機地址', NULL),
(1196, '2022-11-15 16:41:36.144664', '2022-11-15 16:41:36.144664', NULL, '/app/tip/today', '127.0.0.1', '本機地址', '{\"client\":true}'),
(1197, '2022-11-15 16:41:36.225915', '2022-11-15 16:41:36.225915', NULL, '/app/news/article/info', '127.0.0.1', '本機地址', '{\"slug\":\"reskin-plastic-skin\",\"client\":true}'),
(1198, '2022-11-15 16:41:37.699966', '2022-11-15 16:41:37.699966', NULL, '/app/news/article/info', '127.0.0.1', '本機地址', '{\"slug\":\"video\",\"client\":true}'),
(1199, '2022-11-15 16:41:51.073100', '2022-11-15 16:41:51.073100', NULL, '/app/news/article/categories', '127.0.0.1', '本機地址', NULL),
(1200, '2022-11-15 16:41:51.095088', '2022-11-15 16:41:51.095088', NULL, '/app/news/article/info', '127.0.0.1', '本機地址', '{\"slug\":\"video\",\"client\":false}'),
(1201, '2022-11-15 16:41:51.135828', '2022-11-15 16:41:51.135828', NULL, '/app/news/article/info', '127.0.0.1', '本機地址', '{\"slug\":\"video\",\"client\":false}'),
(1202, '2022-11-15 16:41:51.160893', '2022-11-15 16:41:51.160893', NULL, '/app/news/article/list', '127.0.0.1', '本機地址', '{\"size\":3,\"articleId\":26}'),
(1203, '2022-11-15 16:41:51.184998', '2022-11-15 16:41:51.184998', NULL, '/app/news/article/comment/page', '127.0.0.1', '本機地址', '{\"articleId\":26,\"page\":1,\"size\":12}'),
(1204, '2022-11-15 16:41:51.277498', '2022-11-15 16:41:51.277498', NULL, '/app/news/article/categories', '127.0.0.1', '本機地址', NULL),
(1205, '2022-11-15 16:41:51.295957', '2022-11-15 16:41:51.295957', NULL, '/app/news/article/info', '127.0.0.1', '本機地址', '{\"slug\":\"reskin-plastic-skin\",\"client\":false}'),
(1206, '2022-11-15 16:41:51.334023', '2022-11-15 16:41:51.334023', NULL, '/app/news/article/info', '127.0.0.1', '本機地址', '{\"slug\":\"reskin-plastic-skin\",\"client\":false}'),
(1207, '2022-11-15 16:41:51.458469', '2022-11-15 16:41:51.458469', NULL, '/app/news/article/list', '127.0.0.1', '本機地址', '{\"size\":3,\"articleId\":19}'),
(1208, '2022-11-15 16:41:51.480622', '2022-11-15 16:41:51.480622', NULL, '/app/news/article/comment/page', '127.0.0.1', '本機地址', '{\"articleId\":19,\"page\":1,\"size\":12}'),
(1209, '2022-11-15 16:41:55.066111', '2022-11-15 16:41:55.066111', NULL, '/app/news/article/info', '127.0.0.1', '本機地址', '{\"slug\":\"video\",\"client\":true}'),
(1210, '2022-11-15 16:41:55.236112', '2022-11-15 16:41:55.236112', NULL, '/app/user/person', '127.0.0.1', '本機地址', NULL),
(1211, '2022-11-15 16:41:55.500098', '2022-11-15 16:41:55.500098', NULL, '/app/tip/today', '127.0.0.1', '本機地址', '{\"client\":true}'),
(1212, '2022-11-15 16:41:55.580006', '2022-11-15 16:41:55.580006', NULL, '/app/news/article/info', '127.0.0.1', '本機地址', '{\"slug\":\"reskin-plastic-skin\",\"client\":true}'),
(1213, '2022-11-15 16:42:07.187219', '2022-11-15 16:42:07.187219', NULL, '/app/news/article/categories', '127.0.0.1', '本機地址', NULL),
(1214, '2022-11-15 16:42:07.208902', '2022-11-15 16:42:07.208902', NULL, '/app/news/article/info', '127.0.0.1', '本機地址', '{\"slug\":\"video\",\"client\":false}'),
(1215, '2022-11-15 16:42:07.221108', '2022-11-15 16:42:07.221108', NULL, '/app/news/article/info', '127.0.0.1', '本機地址', '{\"slug\":\"video\",\"client\":false}'),
(1216, '2022-11-15 16:42:07.260673', '2022-11-15 16:42:07.260673', NULL, '/app/news/article/list', '127.0.0.1', '本機地址', '{\"size\":3,\"articleId\":26}'),
(1217, '2022-11-15 16:42:07.296005', '2022-11-15 16:42:07.296005', NULL, '/app/news/article/comment/page', '127.0.0.1', '本機地址', '{\"articleId\":26,\"page\":1,\"size\":12}'),
(1218, '2022-11-15 16:42:07.344666', '2022-11-15 16:42:07.344666', NULL, '/app/news/article/categories', '127.0.0.1', '本機地址', NULL),
(1219, '2022-11-15 16:42:07.397057', '2022-11-15 16:42:07.397057', NULL, '/app/news/article/info', '127.0.0.1', '本機地址', '{\"slug\":\"reskin-plastic-skin\",\"client\":false}'),
(1220, '2022-11-15 16:42:07.410735', '2022-11-15 16:42:07.410735', NULL, '/app/news/article/info', '127.0.0.1', '本機地址', '{\"slug\":\"reskin-plastic-skin\",\"client\":false}'),
(1221, '2022-11-15 16:42:07.426548', '2022-11-15 16:42:07.426548', NULL, '/app/news/article/list', '127.0.0.1', '本機地址', '{\"size\":3,\"articleId\":19}'),
(1222, '2022-11-15 16:42:07.457111', '2022-11-15 16:42:07.457111', NULL, '/app/news/article/comment/page', '127.0.0.1', '本機地址', '{\"articleId\":19,\"page\":1,\"size\":12}'),
(1223, '2022-11-15 16:42:10.867923', '2022-11-15 16:42:10.867923', NULL, '/app/news/article/categories', '127.0.0.1', '本機地址', NULL),
(1224, '2022-11-15 16:42:10.918943', '2022-11-15 16:42:10.918943', NULL, '/app/news/article/info', '127.0.0.1', '本機地址', '{\"slug\":\"reskin-plastic-skin\",\"client\":false}'),
(1225, '2022-11-15 16:42:10.953073', '2022-11-15 16:42:10.953073', NULL, '/app/news/article/info', '127.0.0.1', '本機地址', '{\"slug\":\"reskin-plastic-skin\",\"client\":false}'),
(1226, '2022-11-15 16:42:11.057810', '2022-11-15 16:42:11.057810', NULL, '/app/news/article/list', '127.0.0.1', '本機地址', '{\"size\":3,\"articleId\":19}'),
(1227, '2022-11-15 16:42:11.172852', '2022-11-15 16:42:11.172852', NULL, '/app/news/article/comment/page', '127.0.0.1', '本機地址', '{\"articleId\":19,\"page\":1,\"size\":12}'),
(1228, '2022-11-15 16:42:11.528099', '2022-11-15 16:42:11.528099', NULL, '/app/news/article/categories', '127.0.0.1', '本機地址', NULL),
(1229, '2022-11-15 16:42:11.581637', '2022-11-15 16:42:11.581637', NULL, '/app/news/article/info', '127.0.0.1', '本機地址', '{\"slug\":\"video\",\"client\":false}'),
(1230, '2022-11-15 16:42:11.622176', '2022-11-15 16:42:11.622176', NULL, '/app/news/article/info', '127.0.0.1', '本機地址', '{\"slug\":\"video\",\"client\":false}'),
(1231, '2022-11-15 16:42:11.657067', '2022-11-15 16:42:11.657067', NULL, '/app/news/article/list', '127.0.0.1', '本機地址', '{\"size\":3,\"articleId\":26}'),
(1232, '2022-11-15 16:42:11.732772', '2022-11-15 16:42:11.732772', NULL, '/app/news/article/comment/page', '127.0.0.1', '本機地址', '{\"articleId\":26,\"page\":1,\"size\":12}'),
(1233, '2022-11-15 16:42:15.686387', '2022-11-15 16:42:15.686387', NULL, '/app/user/person', '127.0.0.1', '本機地址', NULL),
(1234, '2022-11-15 16:42:15.896829', '2022-11-15 16:42:15.896829', NULL, '/app/tip/today', '127.0.0.1', '本機地址', '{\"client\":true}'),
(1235, '2022-11-15 16:42:15.975860', '2022-11-15 16:42:15.975860', NULL, '/app/news/article/info', '127.0.0.1', '本機地址', '{\"slug\":\"video\",\"client\":true}'),
(1236, '2022-11-15 16:42:16.118816', '2022-11-15 16:42:16.118816', NULL, '/app/news/article/info', '127.0.0.1', '本機地址', '{\"slug\":\"reskin-plastic-skin\",\"client\":true}'),
(1237, '2022-11-15 16:42:59.802418', '2022-11-15 16:42:59.802418', NULL, '/app/news/article/categories', '127.0.0.1', '本機地址', NULL),
(1238, '2022-11-15 16:42:59.818416', '2022-11-15 16:42:59.818416', NULL, '/app/news/article/info', '127.0.0.1', '本機地址', '{\"slug\":\"video\",\"client\":false}'),
(1239, '2022-11-15 16:42:59.830019', '2022-11-15 16:42:59.830019', NULL, '/app/news/article/info', '127.0.0.1', '本機地址', '{\"slug\":\"video\",\"client\":false}'),
(1240, '2022-11-15 16:42:59.856821', '2022-11-15 16:42:59.856821', NULL, '/app/news/article/list', '127.0.0.1', '本機地址', '{\"size\":3,\"articleId\":26}'),
(1241, '2022-11-15 16:42:59.886071', '2022-11-15 16:42:59.886071', NULL, '/app/news/article/categories', '127.0.0.1', '本機地址', NULL),
(1242, '2022-11-15 16:42:59.898741', '2022-11-15 16:42:59.898741', NULL, '/app/news/article/comment/page', '127.0.0.1', '本機地址', '{\"articleId\":26,\"page\":1,\"size\":12}'),
(1243, '2022-11-15 16:42:59.931653', '2022-11-15 16:42:59.931653', NULL, '/app/news/article/info', '127.0.0.1', '本機地址', '{\"slug\":\"reskin-plastic-skin\",\"client\":false}'),
(1244, '2022-11-15 16:42:59.965255', '2022-11-15 16:42:59.965255', NULL, '/app/news/article/info', '127.0.0.1', '本機地址', '{\"slug\":\"reskin-plastic-skin\",\"client\":false}'),
(1245, '2022-11-15 16:42:59.978618', '2022-11-15 16:42:59.978618', NULL, '/app/news/article/list', '127.0.0.1', '本機地址', '{\"size\":3,\"articleId\":19}'),
(1246, '2022-11-15 16:43:00.042091', '2022-11-15 16:43:00.042091', NULL, '/app/news/article/comment/page', '127.0.0.1', '本機地址', '{\"articleId\":19,\"page\":1,\"size\":12}'),
(1247, '2022-11-15 16:43:03.675319', '2022-11-15 16:43:03.675319', NULL, '/app/news/article/info', '127.0.0.1', '本機地址', '{\"slug\":\"video\",\"client\":true}'),
(1248, '2022-11-15 16:43:03.741218', '2022-11-15 16:43:03.741218', NULL, '/app/news/article/comment/page', '127.0.0.1', '本機地址', '{\"articleId\":26,\"page\":1,\"size\":12}'),
(1249, '2022-11-15 16:43:03.781802', '2022-11-15 16:43:03.781802', NULL, '/app/user/person', '127.0.0.1', '本機地址', NULL),
(1250, '2022-11-15 16:43:03.852804', '2022-11-15 16:43:03.852804', NULL, '/app/tip/today', '127.0.0.1', '本機地址', '{\"client\":true}'),
(1251, '2022-11-15 16:43:04.024421', '2022-11-15 16:43:04.024421', NULL, '/app/news/article/info', '127.0.0.1', '本機地址', '{\"slug\":\"reskin-plastic-skin\",\"client\":true}'),
(1252, '2022-11-15 16:43:07.101392', '2022-11-15 16:43:07.101392', NULL, '/app/news/article/categories', '127.0.0.1', '本機地址', NULL),
(1253, '2022-11-15 16:43:07.128607', '2022-11-15 16:43:07.128607', NULL, '/app/news/article/info', '127.0.0.1', '本機地址', '{\"slug\":\"reskin-plastic-skin\",\"client\":false}'),
(1254, '2022-11-15 16:43:07.158632', '2022-11-15 16:43:07.158632', NULL, '/app/news/article/info', '127.0.0.1', '本機地址', '{\"slug\":\"reskin-plastic-skin\",\"client\":false}'),
(1255, '2022-11-15 16:43:07.168409', '2022-11-15 16:43:07.168409', NULL, '/app/news/article/list', '127.0.0.1', '本機地址', '{\"size\":3,\"articleId\":19}'),
(1256, '2022-11-15 16:43:07.214773', '2022-11-15 16:43:07.214773', NULL, '/app/news/article/categories', '127.0.0.1', '本機地址', NULL),
(1257, '2022-11-15 16:43:07.220707', '2022-11-15 16:43:07.220707', NULL, '/app/news/article/comment/page', '127.0.0.1', '本機地址', '{\"articleId\":19,\"page\":1,\"size\":12}'),
(1258, '2022-11-15 16:43:07.277742', '2022-11-15 16:43:07.277742', NULL, '/app/news/article/info', '127.0.0.1', '本機地址', '{\"slug\":\"video\",\"client\":false}'),
(1259, '2022-11-15 16:43:07.302153', '2022-11-15 16:43:07.302153', NULL, '/app/news/article/info', '127.0.0.1', '本機地址', '{\"slug\":\"video\",\"client\":false}'),
(1260, '2022-11-15 16:43:07.548367', '2022-11-15 16:43:07.548367', NULL, '/app/news/article/list', '127.0.0.1', '本機地址', '{\"size\":3,\"articleId\":26}'),
(1261, '2022-11-15 16:43:07.570809', '2022-11-15 16:43:07.570809', NULL, '/app/news/article/comment/page', '127.0.0.1', '本機地址', '{\"articleId\":26,\"page\":1,\"size\":12}'),
(1262, '2022-11-15 16:43:11.122056', '2022-11-15 16:43:11.122056', NULL, '/app/news/article/info', '127.0.0.1', '本機地址', '{\"slug\":\"video\",\"client\":true}'),
(1263, '2022-11-15 16:43:11.216630', '2022-11-15 16:43:11.216630', NULL, '/app/user/person', '127.0.0.1', '本機地址', NULL),
(1264, '2022-11-15 16:43:11.383627', '2022-11-15 16:43:11.383627', NULL, '/app/tip/today', '127.0.0.1', '本機地址', '{\"client\":true}'),
(1265, '2022-11-15 16:43:11.524116', '2022-11-15 16:43:11.524116', NULL, '/app/news/article/info', '127.0.0.1', '本機地址', '{\"slug\":\"reskin-plastic-skin\",\"client\":true}'),
(1266, '2022-11-15 16:43:11.587207', '2022-11-15 16:43:11.587207', NULL, '/app/news/article/comment/page', '127.0.0.1', '本機地址', '{\"articleId\":19,\"page\":1,\"size\":12}'),
(1267, '2022-11-15 16:43:13.590533', '2022-11-15 16:43:13.590533', NULL, '/app/news/article/comment/page', '127.0.0.1', '本機地址', '{\"articleId\":19,\"page\":2,\"size\":10}'),
(1268, '2022-11-15 16:43:13.875843', '2022-11-15 16:43:13.875843', NULL, '/app/news/article/comment/page', '127.0.0.1', '本機地址', '{\"articleId\":19,\"page\":3,\"size\":10}'),
(1269, '2022-11-15 16:43:19.503949', '2022-11-15 16:43:19.503949', NULL, '/app/news/article/comment/page', '127.0.0.1', '本機地址', '{\"parentId\":1,\"page\":1,\"size\":10}'),
(1270, '2022-11-15 16:43:24.960616', '2022-11-15 16:43:24.960616', NULL, '/app/news/article/comment/page', '127.0.0.1', '本機地址', '{\"parentId\":5,\"page\":1,\"size\":10}'),
(1271, '2022-11-15 16:43:26.510409', '2022-11-15 16:43:26.510409', NULL, '/app/news/article/comment/page', '127.0.0.1', '本機地址', '{\"parentId\":5,\"page\":1,\"size\":10}'),
(1272, '2022-11-15 16:43:31.466381', '2022-11-15 16:43:31.466381', NULL, '/app/news/article/comment/page', '127.0.0.1', '本機地址', '{\"parentId\":20,\"page\":1,\"size\":10}'),
(1273, '2022-11-15 16:43:43.273846', '2022-11-15 16:43:43.273846', NULL, '/app/news/article/categories', '127.0.0.1', '本機地址', NULL),
(1274, '2022-11-15 16:43:43.295538', '2022-11-15 16:43:43.295538', NULL, '/app/news/article/info', '127.0.0.1', '本機地址', '{\"slug\":\"reskin-plastic-skin\",\"client\":false}'),
(1275, '2022-11-15 16:43:43.316110', '2022-11-15 16:43:43.316110', NULL, '/app/news/article/info', '127.0.0.1', '本機地址', '{\"slug\":\"reskin-plastic-skin\",\"client\":false}'),
(1276, '2022-11-15 16:43:43.359648', '2022-11-15 16:43:43.359648', NULL, '/app/news/article/list', '127.0.0.1', '本機地址', '{\"size\":3,\"articleId\":19}'),
(1277, '2022-11-15 16:43:43.426838', '2022-11-15 16:43:43.426838', NULL, '/app/news/article/categories', '127.0.0.1', '本機地址', NULL),
(1278, '2022-11-15 16:43:43.445062', '2022-11-15 16:43:43.445062', NULL, '/app/news/article/comment/page', '127.0.0.1', '本機地址', '{\"articleId\":19,\"page\":1,\"size\":12}'),
(1279, '2022-11-15 16:43:43.625570', '2022-11-15 16:43:43.625570', NULL, '/app/news/article/info', '127.0.0.1', '本機地址', '{\"slug\":\"video\",\"client\":false}'),
(1280, '2022-11-15 16:43:43.695542', '2022-11-15 16:43:43.695542', NULL, '/app/news/article/info', '127.0.0.1', '本機地址', '{\"slug\":\"video\",\"client\":false}'),
(1281, '2022-11-15 16:43:43.833291', '2022-11-15 16:43:43.833291', NULL, '/app/news/article/list', '127.0.0.1', '本機地址', '{\"size\":3,\"articleId\":26}'),
(1282, '2022-11-15 16:43:43.870177', '2022-11-15 16:43:43.870177', NULL, '/app/news/article/comment/page', '127.0.0.1', '本機地址', '{\"articleId\":26,\"page\":1,\"size\":12}'),
(1283, '2022-11-15 16:43:46.386251', '2022-11-15 16:43:46.386251', NULL, '/app/user/person', '127.0.0.1', '本機地址', NULL),
(1284, '2022-11-15 16:43:46.622753', '2022-11-15 16:43:46.622753', NULL, '/app/tip/today', '127.0.0.1', '本機地址', '{\"client\":true}'),
(1285, '2022-11-15 16:43:47.226603', '2022-11-15 16:43:47.226603', NULL, '/app/news/article/info', '127.0.0.1', '本機地址', '{\"slug\":\"reskin-plastic-skin\",\"client\":true}'),
(1286, '2022-11-15 16:43:47.373516', '2022-11-15 16:43:47.373516', NULL, '/app/news/article/comment/page', '127.0.0.1', '本機地址', '{\"articleId\":19,\"page\":1,\"size\":12}'),
(1287, '2022-11-15 16:43:48.332087', '2022-11-15 16:43:48.332087', NULL, '/app/news/article/info', '127.0.0.1', '本機地址', '{\"slug\":\"video\",\"client\":true}'),
(1288, '2022-11-15 16:43:49.883065', '2022-11-15 16:43:49.883065', NULL, '/app/news/article/comment/page', '127.0.0.1', '本機地址', '{\"articleId\":19,\"page\":2,\"size\":10}'),
(1289, '2022-11-15 16:43:50.114848', '2022-11-15 16:43:50.114848', NULL, '/app/news/article/comment/page', '127.0.0.1', '本機地址', '{\"articleId\":19,\"page\":3,\"size\":10}'),
(1290, '2022-11-15 16:44:20.359274', '2022-11-15 16:44:20.359274', NULL, '/app/news/article/categories', '127.0.0.1', '本機地址', NULL),
(1291, '2022-11-15 16:44:20.383954', '2022-11-15 16:44:20.383954', NULL, '/app/news/article/info', '127.0.0.1', '本機地址', '{\"slug\":\"reskin-plastic-skin\",\"client\":false}'),
(1292, '2022-11-15 16:44:20.407055', '2022-11-15 16:44:20.407055', NULL, '/app/news/article/info', '127.0.0.1', '本機地址', '{\"slug\":\"reskin-plastic-skin\",\"client\":false}'),
(1293, '2022-11-15 16:44:20.435097', '2022-11-15 16:44:20.435097', NULL, '/app/news/article/list', '127.0.0.1', '本機地址', '{\"size\":3,\"articleId\":19}'),
(1294, '2022-11-15 16:44:20.468633', '2022-11-15 16:44:20.468633', NULL, '/app/news/article/categories', '127.0.0.1', '本機地址', NULL),
(1295, '2022-11-15 16:44:20.476451', '2022-11-15 16:44:20.476451', NULL, '/app/news/article/comment/page', '127.0.0.1', '本機地址', '{\"articleId\":19,\"page\":1,\"size\":12}'),
(1296, '2022-11-15 16:44:20.539334', '2022-11-15 16:44:20.539334', NULL, '/app/news/article/info', '127.0.0.1', '本機地址', '{\"slug\":\"video\",\"client\":false}'),
(1297, '2022-11-15 16:44:20.553699', '2022-11-15 16:44:20.553699', NULL, '/app/news/article/info', '127.0.0.1', '本機地址', '{\"slug\":\"video\",\"client\":false}'),
(1298, '2022-11-15 16:44:20.571883', '2022-11-15 16:44:20.571883', NULL, '/app/news/article/list', '127.0.0.1', '本機地址', '{\"size\":3,\"articleId\":26}'),
(1299, '2022-11-15 16:44:20.622024', '2022-11-15 16:44:20.622024', NULL, '/app/news/article/comment/page', '127.0.0.1', '本機地址', '{\"articleId\":26,\"page\":1,\"size\":12}'),
(1300, '2022-11-15 16:44:23.717338', '2022-11-15 16:44:23.717338', NULL, '/app/user/person', '127.0.0.1', '本機地址', NULL),
(1301, '2022-11-15 16:44:23.810528', '2022-11-15 16:44:23.810528', NULL, '/app/tip/today', '127.0.0.1', '本機地址', '{\"client\":true}'),
(1302, '2022-11-15 16:44:23.849316', '2022-11-15 16:44:23.849316', NULL, '/app/news/article/info', '127.0.0.1', '本機地址', '{\"slug\":\"video\",\"client\":true}'),
(1303, '2022-11-15 16:44:24.009355', '2022-11-15 16:44:24.009355', NULL, '/app/news/article/info', '127.0.0.1', '本機地址', '{\"slug\":\"reskin-plastic-skin\",\"client\":true}'),
(1304, '2022-11-15 16:44:24.113670', '2022-11-15 16:44:24.113670', NULL, '/app/news/article/comment/page', '127.0.0.1', '本機地址', '{\"articleId\":19,\"page\":1,\"size\":12}'),
(1305, '2022-11-15 16:44:47.141634', '2022-11-15 16:44:47.141634', NULL, '/app/news/article/categories', '127.0.0.1', '本機地址', NULL),
(1306, '2022-11-15 16:44:47.166760', '2022-11-15 16:44:47.166760', NULL, '/app/news/article/info', '127.0.0.1', '本機地址', '{\"slug\":\"video\",\"client\":false}'),
(1307, '2022-11-15 16:44:47.199256', '2022-11-15 16:44:47.199256', NULL, '/app/news/article/info', '127.0.0.1', '本機地址', '{\"slug\":\"video\",\"client\":false}'),
(1308, '2022-11-15 16:44:47.237290', '2022-11-15 16:44:47.237290', NULL, '/app/news/article/list', '127.0.0.1', '本機地址', '{\"size\":3,\"articleId\":26}'),
(1309, '2022-11-15 16:44:47.263144', '2022-11-15 16:44:47.263144', NULL, '/app/news/article/comment/page', '127.0.0.1', '本機地址', '{\"articleId\":26,\"page\":1,\"size\":12}'),
(1310, '2022-11-15 16:44:47.327036', '2022-11-15 16:44:47.327036', NULL, '/app/news/article/categories', '127.0.0.1', '本機地址', NULL),
(1311, '2022-11-15 16:44:47.345224', '2022-11-15 16:44:47.345224', NULL, '/app/news/article/info', '127.0.0.1', '本機地址', '{\"slug\":\"reskin-plastic-skin\",\"client\":false}'),
(1312, '2022-11-15 16:44:47.424600', '2022-11-15 16:44:47.424600', NULL, '/app/news/article/info', '127.0.0.1', '本機地址', '{\"slug\":\"reskin-plastic-skin\",\"client\":false}'),
(1313, '2022-11-15 16:44:47.450184', '2022-11-15 16:44:47.450184', NULL, '/app/news/article/list', '127.0.0.1', '本機地址', '{\"size\":3,\"articleId\":19}'),
(1314, '2022-11-15 16:44:47.478448', '2022-11-15 16:44:47.478448', NULL, '/app/news/article/comment/page', '127.0.0.1', '本機地址', '{\"articleId\":19,\"page\":1,\"size\":12}'),
(1315, '2022-11-15 16:44:52.132041', '2022-11-15 16:44:52.132041', NULL, '/app/user/person', '127.0.0.1', '本機地址', NULL),
(1316, '2022-11-15 16:44:52.431358', '2022-11-15 16:44:52.431358', NULL, '/app/tip/today', '127.0.0.1', '本機地址', '{\"client\":true}'),
(1317, '2022-11-15 16:44:52.604126', '2022-11-15 16:44:52.604126', NULL, '/app/news/article/info', '127.0.0.1', '本機地址', '{\"slug\":\"reskin-plastic-skin\",\"client\":true}'),
(1318, '2022-11-15 16:44:57.368290', '2022-11-15 16:44:57.368290', NULL, '/app/news/article/categories', '127.0.0.1', '本機地址', NULL),
(1319, '2022-11-15 16:44:57.392199', '2022-11-15 16:44:57.392199', NULL, '/app/news/article/info', '127.0.0.1', '本機地址', '{\"slug\":\"video\",\"client\":false}'),
(1320, '2022-11-15 16:44:57.420649', '2022-11-15 16:44:57.420649', NULL, '/app/news/article/info', '127.0.0.1', '本機地址', '{\"slug\":\"video\",\"client\":false}'),
(1321, '2022-11-15 16:44:57.434891', '2022-11-15 16:44:57.434891', NULL, '/app/news/article/list', '127.0.0.1', '本機地址', '{\"size\":3,\"articleId\":26}'),
(1322, '2022-11-15 16:44:57.477321', '2022-11-15 16:44:57.477321', NULL, '/app/news/article/categories', '127.0.0.1', '本機地址', NULL),
(1323, '2022-11-15 16:44:57.483579', '2022-11-15 16:44:57.483579', NULL, '/app/news/article/comment/page', '127.0.0.1', '本機地址', '{\"articleId\":26,\"page\":1,\"size\":10}'),
(1324, '2022-11-15 16:44:57.502920', '2022-11-15 16:44:57.502920', NULL, '/app/news/article/info', '127.0.0.1', '本機地址', '{\"slug\":\"reskin-plastic-skin\",\"client\":false}'),
(1325, '2022-11-15 16:44:57.531089', '2022-11-15 16:44:57.531089', NULL, '/app/news/article/info', '127.0.0.1', '本機地址', '{\"slug\":\"reskin-plastic-skin\",\"client\":false}'),
(1326, '2022-11-15 16:44:57.553294', '2022-11-15 16:44:57.553294', NULL, '/app/news/article/list', '127.0.0.1', '本機地址', '{\"size\":3,\"articleId\":19}'),
(1327, '2022-11-15 16:44:57.617932', '2022-11-15 16:44:57.617932', NULL, '/app/news/article/comment/page', '127.0.0.1', '本機地址', '{\"articleId\":19,\"page\":1,\"size\":10}'),
(1328, '2022-11-15 16:45:01.556208', '2022-11-15 16:45:01.556208', NULL, '/app/user/person', '127.0.0.1', '本機地址', NULL),
(1329, '2022-11-15 16:45:01.713489', '2022-11-15 16:45:01.713489', NULL, '/app/tip/today', '127.0.0.1', '本機地址', '{\"client\":true}'),
(1330, '2022-11-15 16:45:01.857423', '2022-11-15 16:45:01.857423', NULL, '/app/news/article/info', '127.0.0.1', '本機地址', '{\"slug\":\"reskin-plastic-skin\",\"client\":true}'),
(1331, '2022-11-15 16:45:03.595199', '2022-11-15 16:45:03.595199', NULL, '/app/news/article/info', '127.0.0.1', '本機地址', '{\"slug\":\"video\",\"client\":true}'),
(1332, '2022-11-15 16:45:03.652082', '2022-11-15 16:45:03.652082', NULL, '/app/news/article/comment/page', '127.0.0.1', '本機地址', '{\"articleId\":26,\"page\":1,\"size\":10}'),
(1333, '2022-11-15 16:45:04.659139', '2022-11-15 16:45:04.659139', NULL, '/app/news/article/comment/page', '127.0.0.1', '本機地址', '{\"articleId\":19,\"page\":2,\"size\":28}'),
(1334, '2022-11-15 16:46:30.566163', '2022-11-15 16:46:30.566163', NULL, '/app/news/article/categories', '127.0.0.1', '本機地址', NULL),
(1335, '2022-11-15 16:46:30.634269', '2022-11-15 16:46:30.634269', NULL, '/app/news/article/info', '127.0.0.1', '本機地址', '{\"slug\":\"reskin-plastic-skin\",\"client\":false}'),
(1336, '2022-11-15 16:46:30.676607', '2022-11-15 16:46:30.676607', NULL, '/app/news/article/info', '127.0.0.1', '本機地址', '{\"slug\":\"reskin-plastic-skin\",\"client\":false}'),
(1337, '2022-11-15 16:46:30.693746', '2022-11-15 16:46:30.693746', NULL, '/app/news/article/list', '127.0.0.1', '本機地址', '{\"size\":3,\"articleId\":19}'),
(1338, '2022-11-15 16:46:30.759715', '2022-11-15 16:46:30.759715', NULL, '/app/news/article/comment/page', '127.0.0.1', '本機地址', '{\"articleId\":19,\"page\":1,\"size\":10}'),
(1339, '2022-11-15 16:46:30.824128', '2022-11-15 16:46:30.824128', NULL, '/app/news/article/categories', '127.0.0.1', '本機地址', NULL),
(1340, '2022-11-15 16:46:30.857156', '2022-11-15 16:46:30.857156', NULL, '/app/news/article/info', '127.0.0.1', '本機地址', '{\"slug\":\"video\",\"client\":false}'),
(1341, '2022-11-15 16:46:30.975779', '2022-11-15 16:46:30.975779', NULL, '/app/news/article/info', '127.0.0.1', '本機地址', '{\"slug\":\"video\",\"client\":false}'),
(1342, '2022-11-15 16:46:31.135179', '2022-11-15 16:46:31.135179', NULL, '/app/news/article/list', '127.0.0.1', '本機地址', '{\"size\":3,\"articleId\":26}'),
(1343, '2022-11-15 16:46:31.161150', '2022-11-15 16:46:31.161150', NULL, '/app/news/article/comment/page', '127.0.0.1', '本機地址', '{\"articleId\":26,\"page\":1,\"size\":10}'),
(1344, '2022-11-15 16:46:34.136414', '2022-11-15 16:46:34.136414', NULL, '/app/user/person', '127.0.0.1', '本機地址', NULL),
(1345, '2022-11-15 16:46:34.378374', '2022-11-15 16:46:34.378374', NULL, '/app/tip/today', '127.0.0.1', '本機地址', '{\"client\":true}'),
(1346, '2022-11-15 16:46:34.598426', '2022-11-15 16:46:34.598426', NULL, '/app/news/article/info', '127.0.0.1', '本機地址', '{\"slug\":\"reskin-plastic-skin\",\"client\":true}'),
(1347, '2022-11-15 16:46:36.193172', '2022-11-15 16:46:36.193172', NULL, '/app/news/article/info', '127.0.0.1', '本機地址', '{\"slug\":\"video\",\"client\":true}'),
(1348, '2022-11-15 16:46:38.577853', '2022-11-15 16:46:38.577853', NULL, '/app/news/article/comment/page', '127.0.0.1', '本機地址', '{\"articleId\":19,\"page\":2,\"size\":10}'),
(1349, '2022-11-15 16:46:39.077915', '2022-11-15 16:46:39.077915', NULL, '/app/news/article/comment/page', '127.0.0.1', '本機地址', '{\"articleId\":19,\"page\":3,\"size\":10}'),
(1350, '2022-11-15 16:46:49.540724', '2022-11-15 16:46:49.540724', NULL, '/app/news/article/categories', '127.0.0.1', '本機地址', NULL),
(1351, '2022-11-15 16:46:49.569899', '2022-11-15 16:46:49.569899', NULL, '/app/news/article/info', '127.0.0.1', '本機地址', '{\"slug\":\"reskin-plastic-skin\",\"client\":false}'),
(1352, '2022-11-15 16:46:49.627241', '2022-11-15 16:46:49.627241', NULL, '/app/news/article/info', '127.0.0.1', '本機地址', '{\"slug\":\"reskin-plastic-skin\",\"client\":false}'),
(1353, '2022-11-15 16:46:49.641837', '2022-11-15 16:46:49.641837', NULL, '/app/news/article/list', '127.0.0.1', '本機地址', '{\"size\":3,\"articleId\":19}'),
(1354, '2022-11-15 16:46:49.666059', '2022-11-15 16:46:49.666059', NULL, '/app/news/article/comment/page', '127.0.0.1', '本機地址', '{\"articleId\":19,\"page\":1,\"size\":7}'),
(1355, '2022-11-15 16:46:50.622301', '2022-11-15 16:46:50.622301', NULL, '/app/news/article/categories', '127.0.0.1', '本機地址', NULL),
(1356, '2022-11-15 16:46:50.627549', '2022-11-15 16:46:50.627549', NULL, '/app/news/article/categories', '127.0.0.1', '本機地址', NULL),
(1357, '2022-11-15 16:46:50.683285', '2022-11-15 16:46:50.683285', NULL, '/app/news/article/info', '127.0.0.1', '本機地址', '{\"slug\":\"video\",\"client\":false}'),
(1358, '2022-11-15 16:46:50.692617', '2022-11-15 16:46:50.692617', NULL, '/app/news/article/info', '127.0.0.1', '本機地址', '{\"slug\":\"video\",\"client\":false}'),
(1359, '2022-11-15 16:46:50.738901', '2022-11-15 16:46:50.738901', NULL, '/app/news/article/categories', '127.0.0.1', '本機地址', NULL),
(1360, '2022-11-15 16:46:50.742638', '2022-11-15 16:46:50.742638', NULL, '/app/news/article/info', '127.0.0.1', '本機地址', '{\"slug\":\"video\",\"client\":false}'),
(1361, '2022-11-15 16:46:50.771343', '2022-11-15 16:46:50.771343', NULL, '/app/news/article/info', '127.0.0.1', '本機地址', '{\"slug\":\"video\",\"client\":false}'),
(1362, '2022-11-15 16:46:50.806500', '2022-11-15 16:46:50.806500', NULL, '/app/news/article/info', '127.0.0.1', '本機地址', '{\"slug\":\"reskin-plastic-skin\",\"client\":false}'),
(1363, '2022-11-15 16:46:50.811808', '2022-11-15 16:46:50.811808', NULL, '/app/news/article/list', '127.0.0.1', '本機地址', '{\"size\":3,\"articleId\":26}'),
(1364, '2022-11-15 16:46:50.818558', '2022-11-15 16:46:50.818558', NULL, '/app/news/article/list', '127.0.0.1', '本機地址', '{\"size\":3,\"articleId\":26}'),
(1365, '2022-11-15 16:46:50.890477', '2022-11-15 16:46:50.890477', NULL, '/app/news/article/comment/page', '127.0.0.1', '本機地址', '{\"articleId\":26,\"page\":1,\"size\":8}'),
(1366, '2022-11-15 16:46:50.904262', '2022-11-15 16:46:50.904262', NULL, '/app/news/article/comment/page', '127.0.0.1', '本機地址', '{\"articleId\":26,\"page\":1,\"size\":8}'),
(1367, '2022-11-15 16:46:50.964302', '2022-11-15 16:46:50.964302', NULL, '/app/news/article/info', '127.0.0.1', '本機地址', '{\"slug\":\"reskin-plastic-skin\",\"client\":false}'),
(1368, '2022-11-15 16:46:51.015760', '2022-11-15 16:46:51.015760', NULL, '/app/news/article/list', '127.0.0.1', '本機地址', '{\"size\":3,\"articleId\":19}'),
(1369, '2022-11-15 16:46:51.056370', '2022-11-15 16:46:51.056370', NULL, '/app/news/article/comment/page', '127.0.0.1', '本機地址', '{\"articleId\":19,\"page\":1,\"size\":8}'),
(1370, '2022-11-15 16:46:54.156938', '2022-11-15 16:46:54.156938', NULL, '/app/user/person', '127.0.0.1', '本機地址', NULL),
(1371, '2022-11-15 16:46:54.744246', '2022-11-15 16:46:54.744246', NULL, '/app/tip/today', '127.0.0.1', '本機地址', '{\"client\":true}'),
(1372, '2022-11-15 16:46:54.862024', '2022-11-15 16:46:54.862024', NULL, '/app/news/article/info', '127.0.0.1', '本機地址', '{\"slug\":\"reskin-plastic-skin\",\"client\":true}'),
(1373, '2022-11-15 16:46:56.270162', '2022-11-15 16:46:56.270162', NULL, '/app/news/article/categories', '127.0.0.1', '本機地址', NULL),
(1374, '2022-11-15 16:46:56.296228', '2022-11-15 16:46:56.296228', NULL, '/app/news/article/info', '127.0.0.1', '本機地址', '{\"slug\":\"video\",\"client\":true}'),
(1375, '2022-11-15 16:46:56.304857', '2022-11-15 16:46:56.304857', NULL, '/app/news/article/list', '127.0.0.1', '本機地址', '{\"size\":3}'),
(1376, '2022-11-15 16:46:56.317862', '2022-11-15 16:46:56.317862', NULL, '/app/news/article/comment/page', '127.0.0.1', '本機地址', '{\"page\":1,\"size\":8}'),
(1377, '2022-11-15 16:46:57.641864', '2022-11-15 16:46:57.641864', NULL, '/app/news/article/comment/page', '127.0.0.1', '本機地址', '{\"articleId\":19,\"page\":2,\"size\":8}'),
(1378, '2022-11-15 16:46:58.146807', '2022-11-15 16:46:58.146807', NULL, '/app/news/article/comment/page', '127.0.0.1', '本機地址', '{\"articleId\":19,\"page\":3,\"size\":8}'),
(1379, '2022-11-15 16:46:58.726093', '2022-11-15 16:46:58.726093', NULL, '/app/news/article/comment/page', '127.0.0.1', '本機地址', '{\"articleId\":19,\"page\":4,\"size\":8}'),
(1380, '2022-11-15 16:47:06.764932', '2022-11-15 16:47:06.764932', NULL, '/app/news/article/categories', '127.0.0.1', '本機地址', NULL),
(1381, '2022-11-15 16:47:06.835832', '2022-11-15 16:47:06.835832', NULL, '/app/news/article/info', '127.0.0.1', '本機地址', '{\"slug\":\"video\",\"client\":false}'),
(1382, '2022-11-15 16:47:06.864560', '2022-11-15 16:47:06.864560', NULL, '/app/news/article/info', '127.0.0.1', '本機地址', '{\"slug\":\"video\",\"client\":false}'),
(1383, '2022-11-15 16:47:06.890930', '2022-11-15 16:47:06.890930', NULL, '/app/news/article/list', '127.0.0.1', '本機地址', '{\"size\":3,\"articleId\":26}'),
(1384, '2022-11-15 16:47:06.915694', '2022-11-15 16:47:06.915694', NULL, '/app/news/article/comment/page', '127.0.0.1', '本機地址', '{\"articleId\":26,\"page\":1,\"size\":10}'),
(1385, '2022-11-15 16:47:07.017644', '2022-11-15 16:47:07.017644', NULL, '/app/news/article/categories', '127.0.0.1', '本機地址', NULL),
(1386, '2022-11-15 16:47:07.053221', '2022-11-15 16:47:07.053221', NULL, '/app/news/article/info', '127.0.0.1', '本機地址', '{\"slug\":\"reskin-plastic-skin\",\"client\":false}'),
(1387, '2022-11-15 16:47:07.144549', '2022-11-15 16:47:07.144549', NULL, '/app/news/article/info', '127.0.0.1', '本機地址', '{\"slug\":\"reskin-plastic-skin\",\"client\":false}'),
(1388, '2022-11-15 16:47:07.194328', '2022-11-15 16:47:07.194328', NULL, '/app/news/article/list', '127.0.0.1', '本機地址', '{\"size\":3,\"articleId\":19}'),
(1389, '2022-11-15 16:47:07.258916', '2022-11-15 16:47:07.258916', NULL, '/app/news/article/comment/page', '127.0.0.1', '本機地址', '{\"articleId\":19,\"page\":1,\"size\":10}'),
(1390, '2022-11-15 16:47:09.964115', '2022-11-15 16:47:09.964115', NULL, '/app/user/person', '127.0.0.1', '本機地址', NULL),
(1391, '2022-11-15 16:47:10.469037', '2022-11-15 16:47:10.469037', NULL, '/app/tip/today', '127.0.0.1', '本機地址', '{\"client\":true}'),
(1392, '2022-11-15 16:47:10.582912', '2022-11-15 16:47:10.582912', NULL, '/app/news/article/info', '127.0.0.1', '本機地址', '{\"slug\":\"reskin-plastic-skin\",\"client\":true}'),
(1393, '2022-11-15 16:47:10.646498', '2022-11-15 16:47:10.646498', NULL, '/app/news/article/info', '127.0.0.1', '本機地址', '{\"slug\":\"video\",\"client\":true}'),
(1394, '2022-11-15 16:47:12.522193', '2022-11-15 16:47:12.522193', NULL, '/app/news/article/comment/page', '127.0.0.1', '本機地址', '{\"articleId\":19,\"page\":2,\"size\":10}'),
(1395, '2022-11-15 16:47:12.855848', '2022-11-15 16:47:12.855848', NULL, '/app/news/article/comment/page', '127.0.0.1', '本機地址', '{\"articleId\":19,\"page\":3,\"size\":10}'),
(1396, '2022-11-15 16:47:21.034556', '2022-11-15 16:47:21.034556', NULL, '/app/news/article/list', '127.0.0.1', '本機地址', '{\"isTop\":true}'),
(1397, '2022-11-15 16:47:21.067761', '2022-11-15 16:47:21.067761', NULL, '/app/news/article/list', '127.0.0.1', '本機地址', '{\"isHot\":true}'),
(1398, '2022-11-15 16:47:21.136488', '2022-11-15 16:47:21.136488', NULL, '/app/news/article/list', '127.0.0.1', '本機地址', '{\"size\":8,\"type\":\"video\"}'),
(1399, '2022-11-15 16:47:21.158088', '2022-11-15 16:47:21.158088', NULL, '/app/news/article/page', '127.0.0.1', '本機地址', '{\"size\":8,\"type\":\"normal\"}'),
(1400, '2022-11-15 16:47:30.912263', '2022-11-15 16:47:30.912263', NULL, '/app/news/article/categories', '127.0.0.1', '本機地址', NULL),
(1401, '2022-11-15 16:47:30.978314', '2022-11-15 16:47:30.978314', NULL, '/app/news/article/info', '127.0.0.1', '本機地址', '{\"slug\":\"video\",\"client\":false}'),
(1402, '2022-11-15 16:47:31.018086', '2022-11-15 16:47:31.018086', NULL, '/app/news/article/info', '127.0.0.1', '本機地址', '{\"slug\":\"video\",\"client\":false}'),
(1403, '2022-11-15 16:47:31.051891', '2022-11-15 16:47:31.051891', NULL, '/app/news/article/list', '127.0.0.1', '本機地址', '{\"size\":3,\"articleId\":26}'),
(1404, '2022-11-15 16:47:31.075683', '2022-11-15 16:47:31.075683', NULL, '/app/news/article/comment/page', '127.0.0.1', '本機地址', '{\"articleId\":26,\"page\":1,\"size\":10}'),
(1405, '2022-11-15 16:47:35.891924', '2022-11-15 16:47:35.891924', NULL, '/app/user/person', '127.0.0.1', '本機地址', NULL),
(1406, '2022-11-15 16:47:35.934136', '2022-11-15 16:47:35.934136', NULL, '/app/tip/today', '127.0.0.1', '本機地址', '{\"client\":true}'),
(1407, '2022-11-15 16:47:36.028709', '2022-11-15 16:47:36.028709', NULL, '/app/news/article/info', '127.0.0.1', '本機地址', '{\"slug\":\"video\",\"client\":true}'),
(1408, '2022-11-15 16:48:24.954966', '2022-11-15 16:48:24.954966', 1, '/admin/news/article/update', '127.0.0.1', '本機地址', '{\"type\":\"normal\",\"authorId\":30,\"title\":\"在UV固化丙烯酸樹酯配方中,要如何挑選好分散的無機粉體及溶劑?原理為何?\",\"slug\":\"reskin-plastic-skin\",\"content\":\"<h2><strong>一、ReSkin 是什麼?</strong></h2><p><br></p><p><a href=\\\"https://google.com\\\" rel=\\\"noopener noreferrer\\\" target=\\\"_blank\\\"><strong><img src=\\\"https://lh6.googleusercontent.com/iJa0WcnSW46sPI0GCK7UBETYmomZPmOLpLNPTANPeywZ8XVKJ7-Od0z65t1bg9jVCBJveh7SZGyS3T6DyIWYjI3tR7bPQPunZHbahofS3whr4d8hb10BasdTIyiiz4YrcJb7fR6M\\\" alt=\\\"一張含有 文字, 差異, 螢幕擷取畫面 的圖片\\n\\n自動產生的描述\\\"></strong></a></p><p><strong>塑膠皮膚(ReSkin)，簡單來說就是一個 \\\"柔軟的傳感器 (Soft Sensor) \\\"，其價格便宜，尺寸輕巧，耐用度持久，且即便換掉了汰換也方便，除了能夠蒐集兩個物件之間的被動密合接觸(passive conformal contact)數據外，更可以蒐集「主動接觸(active contact)的數據」。有了這些數據，未來的機器人就可以從事許多動作比較輕巧且複雜的工作，像是抱小孩、包餃子….等工作。</strong></p><p><br></p><p><strong>那到底 ReSkin在機器手臂的表現上，有什麼差別呢?</strong></p><p><strong>可以看一下以下兩張圖片，沒有ReSkin 的機器手臂，在拿小藍莓的時候會直接把它捏爆，因為他們被輸入的運算太粗糙簡單，沒辦法用適當力道抓取小藍莓；但有ReSkin的機器手臂，就可以用很輕巧的動作把小藍莓拿起來了!</strong></p><p><strong><img src=\\\"https://lh3.googleusercontent.com/BgcdhKIJl3naax2bQO5tknlw25DliP2pz6ghvyZvzjIMQex25_p0IyokzwyM2M3yGcv4iT-COSMAYElec0kkPFF-vOSOy07RkkNQc5FDUZJlRCUkA9LgV3rBCljdnRa8xxTP01JM\\\">&nbsp;&nbsp;&nbsp;<img src=\\\"https://lh3.googleusercontent.com/lkb3fjzM-6d9ETYkCQv-gADTUpuia-RyjtOf52ZgX1vmsiiSW-vOkpSeoZHQi2NFzcvheevWj-yesFt1m6F3kwUb16Tu6r6mp0zeGy49LTDv8zKCXIRC8g0gMEnyX9RVwTdzJxEs\\\" alt=\\\"一張含有 文字 的圖片\\n\\n自動產生的描述\\\"></strong></p><p><strong>圖片來源 |&nbsp;</strong><a href=\\\"https://youtu.be/SxT_G-Im_CA\\\" rel=\\\"noopener noreferrer\\\" target=\\\"_blank\\\" style=\\\"color: inherit;\\\"><strong>https://youtu.be/SxT_G-Im_CA</strong></a></p><p><br></p><p>&nbsp;</p><p><strong>二、ReSkin 規格及優勢</strong></p><p><strong>一個好的塑膠皮膚須具備哪些能力呢?</strong></p><ol><li><strong>可用於穩定抓取/操作的密合接觸</strong></li><li><br></li><li><strong>可以精準的量測壓縮力及剪切力</strong></li><li><br></li><li><strong>擁有強力&lt;0.1N與時間分辨率(Temporal Resolution) &gt;100Hz</strong></li><li><br></li><li><strong>在大面積覆蓋時 (&gt;4cm2)，每個接觸點都可以有好的空間解析度(Spatial Resolution)</strong></li></ol><p><strong>而從實用性來看的話，還須具備</strong></p><ol><li><strong>可以緊貼物件表面以及多方應用的</strong></li><li><br></li><li><strong>便宜</strong></li><li><br></li><li><strong>耐用</strong></li></ol><p>&nbsp;</p><p><strong>ReSkin是結合了磁性材材料與拉伸彈性材料，所有使ReSkin變形的作用力及剪切力，都會因材料磁場的改變被讀取，這些數據會被追蹤回每一個接觸點進而讓AI進行學習</strong></p><p><strong>ReSkin 的優勢</strong></p><ol><li><strong>價格便宜 (&lt;30USD，量產可&lt;6USD)</strong></li><li><br></li><li><strong>厚度 2-3mm</strong></li><li><br></li><li><strong>時間分辨率高達 400Hz</strong></li><li><br></li><li><strong>空間解析度 1mm精度達90%</strong></li></ol><p>&nbsp;</p><p><strong>其實，市面上已經有許多類似的產品，但 ReSkin 確實有相當的優勢，產品分析表請參考以下原文圖表囉!</strong></p><p><strong><img src=\\\"https://lh6.googleusercontent.com/RpDW2Ec7Fada5tu38D8HiYQJnB8wiib_h9i85-L_r8f6FhN2Oxn6akNj7JObiTlmpq3B9JFAP1PyUApO7NlRBK0I-EDe9U_zgnPNfcMIDz4yMbp91rZTY0KRFhpccgG6mNBy9QSK\\\"></strong></p><p><strong>三、Reskin 使用的材料與合作對象</strong></p><p><strong>1. 磁性粉體 ( Magnetic Particles )</strong></p><p><strong>商品型號: MQP-15-7-20065-070</strong></p><p><strong>製造商: Magnequench</strong></p><p><strong>產品資料:&nbsp;</strong><a href=\\\"https://mqitechnology.com/wp-content/uploads/2017/09/mqp-15-7-20065-070.pdf\\\" rel=\\\"noopener noreferrer\\\" target=\\\"_blank\\\" style=\\\"color: inherit;\\\"><strong>https://mqitechnology.com/wp-content/uploads/2017/09/mqp-15-7-20065-070.pdf</strong></a></p><p>&nbsp;</p><p><strong><img src=\\\"https://lh4.googleusercontent.com/Zx3pQ3BoAXnCLXTYcLt1CNuN6LaIG-Zy0ey5_Wk1lSLRQnyjvTbPLl3gYS2HllQusT7V41V6C48uSXsh_zYItNY4qgOUVHibzioBnRH8YpqR8bhIVWpUxxgQABfz_aQH3rlj2JO4\\\"></strong></p><p>&nbsp;</p><p><strong>2. 矽橡膠( Silicone Rubber )</strong></p><p><strong>商品型號: Dragon Skin™ 10 NV</strong></p><p><strong>製造商: Smooth-On</strong></p><p><strong>產品資料:&nbsp;</strong><a href=\\\"https://www.smooth-on.com/products/dragon-skin-10-nv/\\\" rel=\\\"noopener noreferrer\\\" target=\\\"_blank\\\" style=\\\"color: inherit;\\\"><strong>https://www.smooth-on.com/products/dragon-skin-10-nv/</strong></a></p><p><strong><img src=\\\"https://lh6.googleusercontent.com/_RyOE6uwulQqzERU1HZ6hUJHjWhjwQk61q8bASUOF6s1kMOieCHkSEbkVOTDoQqnRjS5yfAOwN929DxxgMYosTO5H3kLCUOMIpNp4ed34tPGDaVeJ0vV4F_8BQDvJOHZ_WvxGnOy\\\" alt=\\\"一張含有 文字 的圖片\\n\\n自動產生的描述\\\"></strong></p><p>&nbsp;</p><ol><li><strong>可編程磁場感測器 ( Magnetometer )</strong></li></ol><p><br></p><p><strong>商品編號: MLX90393</strong></p><p><strong>製造商: Melexis</strong></p><p><strong>產品資料:&nbsp;</strong><a href=\\\"https://www.digikey.tw/zh/product-highlight/m/melexis/mlx90393-programmable-triaxis-magnetic-field-sensor\\\" rel=\\\"noopener noreferrer\\\" target=\\\"_blank\\\" style=\\\"color: inherit;\\\"><strong>https://www.digikey.tw/zh/product-highlight/m/melexis/mlx90393-programmable-triaxis-magnetic-field-sensor</strong></a></p><p><strong><img src=\\\"https://lh3.googleusercontent.com/nQxXuoM54lkZasMMAGcizUOqx1L2igz83MYDQcCeiXpmjsBRHgMeJJT89ai4sFBaqZb_X6YYcwKFFvnhPfFod3WAP7KhIjilT6XTc8uHiEWJfpPwTShhsU_PLSzzZocPe-S9TJPe\\\"></strong></p><p>&nbsp;</p><ol><li><strong>協作機器人 ( Sawyer robot )</strong></li></ol><p><br></p><p><strong>Soft Machines LAB in Carnegie Mellon University @USA</strong></p><p><strong>網址:&nbsp;</strong><a href=\\\"http://sml.me.cmu.edu/\\\" rel=\\\"noopener noreferrer\\\" target=\\\"_blank\\\" style=\\\"color: inherit;\\\"><strong>http://sml.me.cmu.edu/</strong></a></p><p>&nbsp;</p><p><strong>AGI Labs @India</strong></p><p><strong>網址:&nbsp;</strong><a href=\\\"https://agilabsindia.com/index.html\\\" rel=\\\"noopener noreferrer\\\" target=\\\"_blank\\\" style=\\\"color: inherit;\\\"><strong>https://agilabsindia.com/index.html</strong></a></p>\",\"excerpt\":\"<p>從0開始要做UV固化配方需準備哪些儀器設備及實驗室環境?從0開始要做UV固化配方需準備哪些儀器設備及實驗室環境?從0開始要做UV固化配方需準備哪些儀器設備及實驗室環境?從0開始要做UV固化配方需準備哪些儀器設備及實驗室環境?從0開始要做UV固化配方需準備哪些儀器設備及實驗室環境?從0開始要做UV固化配方需準備哪些儀器設備及實驗室環境?</p>\",\"categories\":[10,5],\"thumbnail\":\"http://127.0.0.1:8001/public/uploads/20220816/83342bca-6cc3-4093-a1bf-f012c889521a_WBCSD-Chemicals-Grou_i1140.jpeg\",\"metaTitle\":\"meta title\",\"metaDescription\":\"meta description\",\"commentOpen\":true,\"isTop\":false,\"isHot\":true,\"status\":\"published\",\"publishTime\":\"2022-07-05 23:06:57\",\"id\":19,\"createTime\":\"2022-05-25 23:05:16\",\"updateTime\":\"2022-10-14 22:22:56\",\"createBy\":\"30\",\"updateBy\":\"1\",\"deleteBy\":\"0\",\"deleteTime\":null,\"content_preview\":\"<p>從0開始要做UV固化配方需準備哪些儀器設備及實驗室環境?從0開始要做UV固化配方需準備哪些儀器設備及實驗室環境?從0開始要做UV固化配方需準備哪些儀器設備及實驗室環境?從0開始要做UV固化配方需準備哪些儀器設備及實驗室環境?從0開始要做UV固化配方需準備哪些儀器設備及實驗室環境?從0開始要做UV固化配方需準備哪些儀器設備及實驗室環境?</p>\"}'),
(1409, '2022-11-15 16:48:25.349892', '2022-11-15 16:48:25.349892', 1, '/admin/news/article/page', '127.0.0.1', '本機地址', '{\"page\":1,\"size\":20}'),
(1410, '2022-11-15 16:48:29.667188', '2022-11-15 16:48:29.667188', 1, '/admin/news/article/info', '127.0.0.1', '本機地址', '{\"id\":\"22\"}'),
(1411, '2022-11-15 16:48:29.676794', '2022-11-15 16:48:29.676794', 1, '/admin/base/sys/user/list', '127.0.0.1', '本機地址', NULL),
(1412, '2022-11-15 16:48:29.921423', '2022-11-15 16:48:29.921423', 1, '/admin/space/info/page', '127.0.0.1', '本機地址', '{\"page\":1,\"size\":20,\"total\":0,\"classifyId\":null}'),
(1413, '2022-11-15 16:48:29.932537', '2022-11-15 16:48:29.932537', 1, '/admin/industry/category/list', '127.0.0.1', '本機地址', NULL),
(1414, '2022-11-15 16:48:29.989527', '2022-11-15 16:48:29.989527', 1, '/admin/space/info/page', '127.0.0.1', '本機地址', '{\"page\":1,\"size\":20,\"total\":0,\"classifyId\":null}'),
(1415, '2022-11-15 16:48:30.024082', '2022-11-15 16:48:30.024082', 1, '/admin/space/info/page', '127.0.0.1', '本機地址', '{\"page\":1,\"size\":20,\"total\":0,\"classifyId\":null}'),
(1416, '2022-11-15 16:48:36.183380', '2022-11-15 16:48:36.183380', 1, '/admin/news/article/info', '127.0.0.1', '本機地址', '{\"id\":\"21\"}'),
(1417, '2022-11-15 16:48:36.189533', '2022-11-15 16:48:36.189533', 1, '/admin/base/sys/user/list', '127.0.0.1', '本機地址', NULL),
(1418, '2022-11-15 16:48:36.431833', '2022-11-15 16:48:36.431833', 1, '/admin/space/info/page', '127.0.0.1', '本機地址', '{\"page\":1,\"size\":20,\"total\":0,\"classifyId\":null}'),
(1419, '2022-11-15 16:48:36.442137', '2022-11-15 16:48:36.442137', 1, '/admin/industry/category/list', '127.0.0.1', '本機地址', NULL),
(1420, '2022-11-15 16:48:36.454475', '2022-11-15 16:48:36.454475', 1, '/admin/space/info/page', '127.0.0.1', '本機地址', '{\"page\":1,\"size\":20,\"total\":0,\"classifyId\":null}'),
(1421, '2022-11-15 16:48:36.461318', '2022-11-15 16:48:36.461318', 1, '/admin/space/info/page', '127.0.0.1', '本機地址', '{\"page\":1,\"size\":20,\"total\":0,\"classifyId\":null}'),
(1422, '2022-11-15 16:48:39.726919', '2022-11-15 16:48:39.726919', 1, '/admin/news/article/info', '127.0.0.1', '本機地址', '{\"id\":\"19\"}'),
(1423, '2022-11-15 16:48:39.741134', '2022-11-15 16:48:39.741134', 1, '/admin/base/sys/user/list', '127.0.0.1', '本機地址', NULL),
(1424, '2022-11-15 16:48:41.118558', '2022-11-15 16:48:41.118558', 1, '/admin/space/info/page', '127.0.0.1', '本機地址', '{\"page\":1,\"size\":20,\"total\":0,\"classifyId\":null}'),
(1425, '2022-11-15 16:48:41.129652', '2022-11-15 16:48:41.129652', 1, '/admin/industry/category/list', '127.0.0.1', '本機地址', NULL),
(1426, '2022-11-15 16:48:41.145320', '2022-11-15 16:48:41.145320', 1, '/admin/space/info/page', '127.0.0.1', '本機地址', '{\"page\":1,\"size\":20,\"total\":0,\"classifyId\":null}'),
(1427, '2022-11-15 16:48:41.200833', '2022-11-15 16:48:41.200833', 1, '/admin/space/info/page', '127.0.0.1', '本機地址', '{\"page\":1,\"size\":20,\"total\":0,\"classifyId\":null}'),
(1428, '2022-11-15 16:48:46.552553', '2022-11-15 16:48:46.552553', NULL, '/app/news/article/categories', '127.0.0.1', '本機地址', NULL),
(1429, '2022-11-15 16:48:46.578894', '2022-11-15 16:48:46.578894', NULL, '/app/news/article/info', '127.0.0.1', '本機地址', '{\"slug\":\"reskin-plastic-skin\",\"client\":false}'),
(1430, '2022-11-15 16:48:46.618323', '2022-11-15 16:48:46.618323', NULL, '/app/news/article/info', '127.0.0.1', '本機地址', '{\"slug\":\"reskin-plastic-skin\",\"client\":false}'),
(1431, '2022-11-15 16:48:46.628767', '2022-11-15 16:48:46.628767', NULL, '/app/news/article/list', '127.0.0.1', '本機地址', '{\"size\":3,\"articleId\":19}'),
(1432, '2022-11-15 16:48:46.664697', '2022-11-15 16:48:46.664697', NULL, '/app/news/article/comment/page', '127.0.0.1', '本機地址', '{\"articleId\":19,\"page\":1,\"size\":10}'),
(1433, '2022-11-15 16:48:49.077719', '2022-11-15 16:48:49.077719', NULL, '/app/user/person', '127.0.0.1', '本機地址', NULL),
(1434, '2022-11-15 16:48:49.157230', '2022-11-15 16:48:49.157230', NULL, '/app/tip/today', '127.0.0.1', '本機地址', '{\"client\":true}'),
(1435, '2022-11-15 16:48:49.644367', '2022-11-15 16:48:49.644367', NULL, '/app/news/article/info', '127.0.0.1', '本機地址', '{\"slug\":\"reskin-plastic-skin\",\"client\":true}'),
(1436, '2022-11-15 16:49:01.627437', '2022-11-15 16:49:01.627437', 1, '/admin/news/article/update', '127.0.0.1', '本機地址', '{\"type\":\"normal\",\"authorId\":30,\"title\":\"在UV固化丙烯酸樹酯配方中,要如何挑選好分散的無機粉體及溶劑?原理為何?\",\"slug\":\"reskin-plastic-skin\",\"content\":\"<h2><strong>一、ReSkin 是什麼?</strong></h2><p><a href=\\\"https://google.com\\\" rel=\\\"noopener noreferrer\\\" target=\\\"_blank\\\"><strong><img src=\\\"https://lh6.googleusercontent.com/iJa0WcnSW46sPI0GCK7UBETYmomZPmOLpLNPTANPeywZ8XVKJ7-Od0z65t1bg9jVCBJveh7SZGyS3T6DyIWYjI3tR7bPQPunZHbahofS3whr4d8hb10BasdTIyiiz4YrcJb7fR6M\\\" alt=\\\"一張含有 文字, 差異, 螢幕擷取畫面 的圖片\\n\\n自動產生的描述\\\"></strong></a></p><p><strong>塑膠皮膚(ReSkin)，簡單來說就是一個 \\\"柔軟的傳感器 (Soft Sensor) \\\"，其價格便宜，尺寸輕巧，耐用度持久，且即便換掉了汰換也方便，除了能夠蒐集兩個物件之間的被動密合接觸(passive conformal contact)數據外，更可以蒐集「主動接觸(active contact)的數據」。有了這些數據，未來的機器人就可以從事許多動作比較輕巧且複雜的工作，像是抱小孩、包餃子….等工作。</strong></p><p><br></p><p><strong>那到底 ReSkin在機器手臂的表現上，有什麼差別呢?</strong></p><p><strong>可以看一下以下兩張圖片，沒有ReSkin 的機器手臂，在拿小藍莓的時候會直接把它捏爆，因為他們被輸入的運算太粗糙簡單，沒辦法用適當力道抓取小藍莓；但有ReSkin的機器手臂，就可以用很輕巧的動作把小藍莓拿起來了!</strong></p><p><strong><img src=\\\"https://lh3.googleusercontent.com/BgcdhKIJl3naax2bQO5tknlw25DliP2pz6ghvyZvzjIMQex25_p0IyokzwyM2M3yGcv4iT-COSMAYElec0kkPFF-vOSOy07RkkNQc5FDUZJlRCUkA9LgV3rBCljdnRa8xxTP01JM\\\">&nbsp;&nbsp;&nbsp;<img src=\\\"https://lh3.googleusercontent.com/lkb3fjzM-6d9ETYkCQv-gADTUpuia-RyjtOf52ZgX1vmsiiSW-vOkpSeoZHQi2NFzcvheevWj-yesFt1m6F3kwUb16Tu6r6mp0zeGy49LTDv8zKCXIRC8g0gMEnyX9RVwTdzJxEs\\\" alt=\\\"一張含有 文字 的圖片\\n\\n自動產生的描述\\\"></strong></p><p><strong>圖片來源 |&nbsp;</strong><a href=\\\"https://youtu.be/SxT_G-Im_CA\\\" rel=\\\"noopener noreferrer\\\" target=\\\"_blank\\\" style=\\\"color: inherit;\\\"><strong>https://youtu.be/SxT_G-Im_CA</strong></a></p><p><br></p><p>&nbsp;</p><p><strong>二、ReSkin 規格及優勢</strong></p><p><strong>一個好的塑膠皮膚須具備哪些能力呢?</strong></p><ol><li><strong>可用於穩定抓取/操作的密合接觸</strong></li><li><br></li><li><strong>可以精準的量測壓縮力及剪切力</strong></li><li><br></li><li><strong>擁有強力&lt;0.1N與時間分辨率(Temporal Resolution) &gt;100Hz</strong></li><li><br></li><li><strong>在大面積覆蓋時 (&gt;4cm2)，每個接觸點都可以有好的空間解析度(Spatial Resolution)</strong></li></ol><p><strong>而從實用性來看的話，還須具備</strong></p><ol><li><strong>可以緊貼物件表面以及多方應用的</strong></li><li><br></li><li><strong>便宜</strong></li><li><br></li><li><strong>耐用</strong></li></ol><p>&nbsp;</p><p><strong>ReSkin是結合了磁性材材料與拉伸彈性材料，所有使ReSkin變形的作用力及剪切力，都會因材料磁場的改變被讀取，這些數據會被追蹤回每一個接觸點進而讓AI進行學習</strong></p><p><strong>ReSkin 的優勢</strong></p><ol><li><strong>價格便宜 (&lt;30USD，量產可&lt;6USD)</strong></li><li><br></li><li><strong>厚度 2-3mm</strong></li><li><br></li><li><strong>時間分辨率高達 400Hz</strong></li><li><br></li><li><strong>空間解析度 1mm精度達90%</strong></li></ol><p>&nbsp;</p><p><strong>其實，市面上已經有許多類似的產品，但 ReSkin 確實有相當的優勢，產品分析表請參考以下原文圖表囉!</strong></p><p><strong><img src=\\\"https://lh6.googleusercontent.com/RpDW2Ec7Fada5tu38D8HiYQJnB8wiib_h9i85-L_r8f6FhN2Oxn6akNj7JObiTlmpq3B9JFAP1PyUApO7NlRBK0I-EDe9U_zgnPNfcMIDz4yMbp91rZTY0KRFhpccgG6mNBy9QSK\\\"></strong></p><p><strong>三、Reskin 使用的材料與合作對象</strong></p><p><strong>1. 磁性粉體 ( Magnetic Particles )</strong></p><p><strong>商品型號: MQP-15-7-20065-070</strong></p><p><strong>製造商: Magnequench</strong></p><p><strong>產品資料:&nbsp;</strong><a href=\\\"https://mqitechnology.com/wp-content/uploads/2017/09/mqp-15-7-20065-070.pdf\\\" rel=\\\"noopener noreferrer\\\" target=\\\"_blank\\\" style=\\\"color: inherit;\\\"><strong>https://mqitechnology.com/wp-content/uploads/2017/09/mqp-15-7-20065-070.pdf</strong></a></p><p>&nbsp;</p><p><strong><img src=\\\"https://lh4.googleusercontent.com/Zx3pQ3BoAXnCLXTYcLt1CNuN6LaIG-Zy0ey5_Wk1lSLRQnyjvTbPLl3gYS2HllQusT7V41V6C48uSXsh_zYItNY4qgOUVHibzioBnRH8YpqR8bhIVWpUxxgQABfz_aQH3rlj2JO4\\\"></strong></p><p>&nbsp;</p><p><strong>2. 矽橡膠( Silicone Rubber )</strong></p><p><strong>商品型號: Dragon Skin™ 10 NV</strong></p><p><strong>製造商: Smooth-On</strong></p><p><strong>產品資料:&nbsp;</strong><a href=\\\"https://www.smooth-on.com/products/dragon-skin-10-nv/\\\" rel=\\\"noopener noreferrer\\\" target=\\\"_blank\\\" style=\\\"color: inherit;\\\"><strong>https://www.smooth-on.com/products/dragon-skin-10-nv/</strong></a></p><p><strong><img src=\\\"https://lh6.googleusercontent.com/_RyOE6uwulQqzERU1HZ6hUJHjWhjwQk61q8bASUOF6s1kMOieCHkSEbkVOTDoQqnRjS5yfAOwN929DxxgMYosTO5H3kLCUOMIpNp4ed34tPGDaVeJ0vV4F_8BQDvJOHZ_WvxGnOy\\\" alt=\\\"一張含有 文字 的圖片\\n\\n自動產生的描述\\\"></strong></p><p>&nbsp;</p><ol><li><strong>可編程磁場感測器 ( Magnetometer )</strong></li></ol><p><br></p><p><strong>商品編號: MLX90393</strong></p><p><strong>製造商: Melexis</strong></p><p><strong>產品資料:&nbsp;</strong><a href=\\\"https://www.digikey.tw/zh/product-highlight/m/melexis/mlx90393-programmable-triaxis-magnetic-field-sensor\\\" rel=\\\"noopener noreferrer\\\" target=\\\"_blank\\\" style=\\\"color: inherit;\\\"><strong>https://www.digikey.tw/zh/product-highlight/m/melexis/mlx90393-programmable-triaxis-magnetic-field-sensor</strong></a></p><p><strong><img src=\\\"https://lh3.googleusercontent.com/nQxXuoM54lkZasMMAGcizUOqx1L2igz83MYDQcCeiXpmjsBRHgMeJJT89ai4sFBaqZb_X6YYcwKFFvnhPfFod3WAP7KhIjilT6XTc8uHiEWJfpPwTShhsU_PLSzzZocPe-S9TJPe\\\"></strong></p><p>&nbsp;</p><ol><li><strong>協作機器人 ( Sawyer robot )</strong></li></ol><p><br></p><p><strong>Soft Machines LAB in Carnegie Mellon University @USA</strong></p><p><strong>網址:&nbsp;</strong><a href=\\\"http://sml.me.cmu.edu/\\\" rel=\\\"noopener noreferrer\\\" target=\\\"_blank\\\" style=\\\"color: inherit;\\\"><strong>http://sml.me.cmu.edu/</strong></a></p><p>&nbsp;</p><p><strong>AGI Labs @India</strong></p><p><strong>網址:&nbsp;</strong><a href=\\\"https://agilabsindia.com/index.html\\\" rel=\\\"noopener noreferrer\\\" target=\\\"_blank\\\" style=\\\"color: inherit;\\\"><strong>https://agilabsindia.com/index.html</strong></a></p>\",\"excerpt\":\"<p>從0開始要做UV固化配方需準備哪些儀器設備及實驗室環境?從0開始要做UV固化配方需準備哪些儀器設備及實驗室環境?從0開始要做UV固化配方需準備哪些儀器設備及實驗室環境?從0開始要做UV固化配方需準備哪些儀器設備及實驗室環境?從0開始要做UV固化配方需準備哪些儀器設備及實驗室環境?從0開始要做UV固化配方需準備哪些儀器設備及實驗室環境?</p>\",\"categories\":[10,5],\"thumbnail\":\"http://127.0.0.1:8001/public/uploads/20220816/83342bca-6cc3-4093-a1bf-f012c889521a_WBCSD-Chemicals-Grou_i1140.jpeg\",\"metaTitle\":\"meta title\",\"metaDescription\":\"meta description\",\"commentOpen\":true,\"isTop\":false,\"isHot\":true,\"status\":\"published\",\"publishTime\":\"2022-07-05 23:06:57\",\"id\":19,\"createTime\":\"2022-05-25 23:05:16\",\"updateTime\":\"2022-10-14 22:22:56\",\"createBy\":\"30\",\"updateBy\":\"1\",\"deleteBy\":\"0\",\"deleteTime\":null,\"content_preview\":\"<p>從0開始要做UV固化配方需準備哪些儀器設備及實驗室環境?從0開始要做UV固化配方需準備哪些儀器設備及實驗室環境?從0開始要做UV固化配方需準備哪些儀器設備及實驗室環境?從0開始要做UV固化配方需準備哪些儀器設備及實驗室環境?從0開始要做UV固化配方需準備哪些儀器設備及實驗室環境?從0開始要做UV固化配方需準備哪些儀器設備及實驗室環境?</p>\"}'),
(1437, '2022-11-15 16:49:01.887231', '2022-11-15 16:49:01.887231', 1, '/admin/news/article/page', '127.0.0.1', '本機地址', '{\"page\":1,\"size\":20}'),
(1438, '2022-11-15 17:06:08.071288', '2022-11-15 17:06:08.071288', NULL, '/app/news/article/comment/page', '127.0.0.1', '本機地址', '{\"articleId\":19,\"page\":2,\"size\":10}'),
(1439, '2022-11-15 17:06:09.182746', '2022-11-15 17:06:09.182746', NULL, '/app/news/article/comment/page', '127.0.0.1', '本機地址', '{\"articleId\":19,\"page\":3,\"size\":10}'),
(1440, '2022-11-15 17:06:12.689814', '2022-11-15 17:06:12.689814', NULL, '/app/news/article/comment/page', '127.0.0.1', '本機地址', '{\"parentId\":1,\"page\":1,\"size\":10}'),
(1441, '2022-11-15 17:06:18.863244', '2022-11-15 17:06:18.863244', NULL, '/app/news/article/collection', '127.0.0.1', '本機地址', '{\"id\":19}'),
(1442, '2022-11-15 17:06:19.730627', '2022-11-15 17:06:19.730627', NULL, '/app/news/article/categories', '127.0.0.1', '本機地址', NULL),
(1443, '2022-11-15 17:06:19.933917', '2022-11-15 17:06:19.933917', NULL, '/app/news/article/info', '127.0.0.1', '本機地址', '{\"slug\":\"reskin-plastic-skin\",\"client\":false}'),
(1444, '2022-11-15 17:06:19.956918', '2022-11-15 17:06:19.956918', NULL, '/app/news/article/info', '127.0.0.1', '本機地址', '{\"slug\":\"reskin-plastic-skin\",\"client\":false}'),
(1445, '2022-11-15 17:06:19.975965', '2022-11-15 17:06:19.975965', NULL, '/app/news/article/list', '127.0.0.1', '本機地址', '{\"size\":3,\"articleId\":19}'),
(1446, '2022-11-15 17:06:20.001624', '2022-11-15 17:06:20.001624', NULL, '/app/news/article/comment/page', '127.0.0.1', '本機地址', '{\"articleId\":19,\"page\":1,\"size\":10}'),
(1447, '2022-11-15 17:06:23.497305', '2022-11-15 17:06:23.497305', NULL, '/app/user/person', '127.0.0.1', '本機地址', NULL),
(1448, '2022-11-15 17:06:24.055169', '2022-11-15 17:06:24.055169', NULL, '/app/tip/today', '127.0.0.1', '本機地址', '{\"client\":true}'),
(1449, '2022-11-15 17:06:24.306834', '2022-11-15 17:06:24.306834', NULL, '/app/news/article/info', '127.0.0.1', '本機地址', '{\"slug\":\"reskin-plastic-skin\",\"client\":true}'),
(1450, '2022-11-15 18:12:52.465341', '2022-11-15 18:12:52.465341', 1, '/admin/industry/category/list', '127.0.0.1', '本機地址', NULL),
(1451, '2022-11-15 18:13:12.170146', '2022-11-15 18:13:12.170146', 1, '/admin/industry/category/delete', '127.0.0.1', '本機地址', '{\"ids\":[12]}'),
(1452, '2022-11-15 18:13:12.342354', '2022-11-15 18:13:12.342354', 1, '/admin/industry/category/list', '127.0.0.1', '本機地址', NULL),
(1453, '2022-11-15 18:13:28.219499', '2022-11-15 18:13:28.219499', 1, '/admin/industry/category/delete', '127.0.0.1', '本機地址', '{\"ids\":[28]}'),
(1454, '2022-11-15 18:13:28.281453', '2022-11-15 18:13:28.281453', 1, '/admin/industry/category/list', '127.0.0.1', '本機地址', NULL),
(1455, '2022-11-15 18:13:32.250545', '2022-11-15 18:13:32.250545', 1, '/admin/industry/category/delete', '127.0.0.1', '本機地址', '{\"ids\":[16]}'),
(1456, '2022-11-15 18:13:32.313583', '2022-11-15 18:13:32.313583', 1, '/admin/industry/category/list', '127.0.0.1', '本機地址', NULL),
(1457, '2022-11-15 18:13:38.603291', '2022-11-15 18:13:38.603291', 1, '/admin/industry/category/delete', '127.0.0.1', '本機地址', '{\"ids\":[13]}'),
(1458, '2022-11-15 18:13:38.678274', '2022-11-15 18:13:38.678274', 1, '/admin/industry/category/list', '127.0.0.1', '本機地址', NULL),
(1459, '2022-11-15 18:13:41.444958', '2022-11-15 18:13:41.444958', 1, '/admin/industry/category/delete', '127.0.0.1', '本機地址', '{\"ids\":[6]}'),
(1460, '2022-11-15 18:13:41.520788', '2022-11-15 18:13:41.520788', 1, '/admin/industry/category/list', '127.0.0.1', '本機地址', NULL),
(1461, '2022-11-15 18:13:42.501521', '2022-11-15 18:13:42.501521', 1, '/admin/industry/category/delete', '127.0.0.1', '本機地址', '{\"ids\":[7]}'),
(1462, '2022-11-15 18:13:42.579835', '2022-11-15 18:13:42.579835', 1, '/admin/industry/category/list', '127.0.0.1', '本機地址', NULL),
(1463, '2022-11-15 18:13:43.630700', '2022-11-15 18:13:43.630700', 1, '/admin/industry/category/delete', '127.0.0.1', '本機地址', '{\"ids\":[8]}'),
(1464, '2022-11-15 18:13:43.731824', '2022-11-15 18:13:43.731824', 1, '/admin/industry/category/list', '127.0.0.1', '本機地址', NULL),
(1465, '2022-11-15 18:13:45.874862', '2022-11-15 18:13:45.874862', 1, '/admin/industry/category/delete', '127.0.0.1', '本機地址', '{\"ids\":[9]}'),
(1466, '2022-11-15 18:13:45.920925', '2022-11-15 18:13:45.920925', 1, '/admin/industry/category/list', '127.0.0.1', '本機地址', NULL),
(1467, '2022-11-15 18:13:47.334102', '2022-11-15 18:13:47.334102', 1, '/admin/industry/category/delete', '127.0.0.1', '本機地址', '{\"ids\":[10]}'),
(1468, '2022-11-15 18:13:47.391379', '2022-11-15 18:13:47.391379', 1, '/admin/industry/category/list', '127.0.0.1', '本機地址', NULL),
(1469, '2022-11-15 18:13:48.596348', '2022-11-15 18:13:48.596348', 1, '/admin/industry/category/delete', '127.0.0.1', '本機地址', '{\"ids\":[11]}'),
(1470, '2022-11-15 18:13:48.661153', '2022-11-15 18:13:48.661153', 1, '/admin/industry/category/list', '127.0.0.1', '本機地址', NULL),
(1471, '2022-11-15 18:13:49.900373', '2022-11-15 18:13:49.900373', 1, '/admin/industry/category/delete', '127.0.0.1', '本機地址', '{\"ids\":[14]}'),
(1472, '2022-11-15 18:13:49.974007', '2022-11-15 18:13:49.974007', 1, '/admin/industry/category/list', '127.0.0.1', '本機地址', NULL),
(1473, '2022-11-15 18:13:53.900243', '2022-11-15 18:13:53.900243', 1, '/admin/industry/category/delete', '127.0.0.1', '本機地址', '{\"ids\":[15]}'),
(1474, '2022-11-15 18:13:53.948043', '2022-11-15 18:13:53.948043', 1, '/admin/industry/category/list', '127.0.0.1', '本機地址', NULL),
(1475, '2022-11-15 18:14:02.637196', '2022-11-15 18:14:02.637196', 1, '/admin/industry/category/list', '127.0.0.1', '本機地址', NULL),
(1476, '2022-11-15 18:14:09.276341', '2022-11-15 18:14:09.276341', 1, '/admin/industry/category/add', '127.0.0.1', '本機地址', '{\"name\":\"有機小分子\",\"parentId\":[5],\"type\":null,\"keepAlive\":true,\"isShow\":true}'),
(1477, '2022-11-15 18:14:09.369013', '2022-11-15 18:14:09.369013', 1, '/admin/industry/category/list', '127.0.0.1', '本機地址', NULL),
(1478, '2022-11-15 18:14:11.425847', '2022-11-15 18:14:11.425847', 1, '/admin/industry/category/list', '127.0.0.1', '本機地址', NULL),
(1479, '2022-11-15 18:14:18.174068', '2022-11-15 18:14:18.174068', 1, '/admin/base/open/eps', '127.0.0.1', '本機地址', NULL),
(1480, '2022-11-15 18:14:18.181499', '2022-11-15 18:14:18.181499', 1, '/admin/base/comm/person', '127.0.0.1', '本機地址', NULL),
(1481, '2022-11-15 18:14:18.195000', '2022-11-15 18:14:18.195000', 1, '/admin/base/comm/permmenu', '127.0.0.1', '本機地址', NULL),
(1482, '2022-11-15 18:14:18.504192', '2022-11-15 18:14:18.504192', 1, '/admin/industry/category/list', '127.0.0.1', '本機地址', NULL),
(1483, '2022-11-15 18:14:21.131168', '2022-11-15 18:14:21.131168', 1, '/admin/industry/category/list', '127.0.0.1', '本機地址', NULL),
(1484, '2022-11-15 18:14:25.821423', '2022-11-15 18:14:25.821423', 1, '/admin/industry/category/add', '127.0.0.1', '本機地址', '{\"name\":\"有機小分子\",\"parentId\":5,\"type\":null,\"keepAlive\":true,\"isShow\":true}'),
(1485, '2022-11-15 18:14:25.895970', '2022-11-15 18:14:25.895970', 1, '/admin/industry/category/list', '127.0.0.1', '本機地址', NULL),
(1486, '2022-11-15 18:14:28.718424', '2022-11-15 18:14:28.718424', 1, '/admin/industry/category/list', '127.0.0.1', '本機地址', NULL),
(1487, '2022-11-15 18:14:33.854300', '2022-11-15 18:14:33.854300', 1, '/admin/industry/category/list', '127.0.0.1', '本機地址', NULL),
(1488, '2022-11-15 18:14:44.217951', '2022-11-15 18:14:44.217951', 1, '/admin/industry/category/list', '127.0.0.1', '本機地址', NULL),
(1489, '2022-11-15 18:14:54.257300', '2022-11-15 18:14:54.257300', 1, '/admin/industry/category/info', '127.0.0.1', '本機地址', '{\"id\":\"5\"}'),
(1490, '2022-11-15 18:14:54.270033', '2022-11-15 18:14:54.270033', 1, '/admin/industry/category/list', '127.0.0.1', '本機地址', NULL),
(1491, '2022-11-15 18:14:58.032414', '2022-11-15 18:14:58.032414', 1, '/admin/industry/category/list', '127.0.0.1', '本機地址', NULL),
(1492, '2022-11-15 18:15:03.261681', '2022-11-15 18:15:03.261681', 1, '/admin/industry/category/add', '127.0.0.1', '本機地址', '{\"name\":\"有機小分子\",\"parentId\":[5],\"type\":null,\"keepAlive\":true,\"isShow\":true}'),
(1493, '2022-11-15 18:15:03.364474', '2022-11-15 18:15:03.364474', 1, '/admin/industry/category/list', '127.0.0.1', '本機地址', NULL),
(1494, '2022-11-15 18:15:07.249017', '2022-11-15 18:15:07.249017', 1, '/admin/industry/category/info', '127.0.0.1', '本機地址', '{\"id\":\"5\"}'),
(1495, '2022-11-15 18:15:07.255788', '2022-11-15 18:15:07.255788', 1, '/admin/industry/category/list', '127.0.0.1', '本機地址', NULL),
(1496, '2022-11-15 18:15:09.377745', '2022-11-15 18:15:09.377745', 1, '/admin/industry/category/list', '127.0.0.1', '本機地址', NULL),
(1497, '2022-11-15 18:15:21.475856', '2022-11-15 18:15:21.475856', 1, '/admin/industry/category/add', '127.0.0.1', '本機地址', '{\"name\":\"有機小分子\",\"parentId\":[5],\"type\":null,\"keepAlive\":true,\"isShow\":true}'),
(1498, '2022-11-15 18:15:21.575268', '2022-11-15 18:15:21.575268', 1, '/admin/industry/category/list', '127.0.0.1', '本機地址', NULL),
(1499, '2022-11-15 18:16:09.508081', '2022-11-15 18:16:09.508081', 1, '/admin/base/open/eps', '127.0.0.1', '本機地址', NULL),
(1500, '2022-11-15 18:16:09.604253', '2022-11-15 18:16:09.604253', 1, '/admin/industry/category/list', '127.0.0.1', '本機地址', NULL),
(1501, '2022-11-15 18:16:11.758675', '2022-11-15 18:16:11.758675', 1, '/admin/industry/category/list', '127.0.0.1', '本機地址', NULL),
(1502, '2022-11-15 18:16:26.501919', '2022-11-15 18:16:26.501919', 1, '/admin/base/open/eps', '127.0.0.1', '本機地址', NULL),
(1503, '2022-11-15 18:16:26.508396', '2022-11-15 18:16:26.508396', 1, '/admin/industry/category/list', '127.0.0.1', '本機地址', NULL),
(1504, '2022-11-15 18:17:03.093050', '2022-11-15 18:17:03.093050', 1, '/admin/base/open/eps', '127.0.0.1', '本機地址', NULL),
(1505, '2022-11-15 18:17:03.112360', '2022-11-15 18:17:03.112360', 1, '/admin/industry/category/list', '127.0.0.1', '本機地址', NULL),
(1506, '2022-11-15 18:17:06.112513', '2022-11-15 18:17:06.112513', 1, '/admin/industry/category/list', '127.0.0.1', '本機地址', NULL),
(1507, '2022-11-15 18:17:47.075422', '2022-11-15 18:17:47.075422', 1, '/admin/industry/category/add', '127.0.0.1', '本機地址', '{\"name\":\"有機小分子\",\"slug\":\"small-organic-molecules\",\"parentId\":[5],\"type\":null,\"keepAlive\":true,\"isShow\":true}'),
(1508, '2022-11-15 18:17:47.315541', '2022-11-15 18:17:47.315541', 1, '/admin/industry/category/list', '127.0.0.1', '本機地址', NULL),
(1509, '2022-11-15 18:17:49.397889', '2022-11-15 18:17:49.397889', 1, '/admin/industry/category/list', '127.0.0.1', '本機地址', NULL),
(1510, '2022-11-15 18:18:07.364246', '2022-11-15 18:18:07.364246', 1, '/admin/industry/category/add', '127.0.0.1', '本機地址', '{\"name\":\"有機高分子\",\"slug\":\"organic-polymer\",\"parentId\":[5,30],\"orderNum\":1,\"type\":null,\"keepAlive\":true,\"isShow\":true}'),
(1511, '2022-11-15 18:18:07.470365', '2022-11-15 18:18:07.470365', 1, '/admin/industry/category/list', '127.0.0.1', '本機地址', NULL),
(1512, '2022-11-15 18:18:09.937449', '2022-11-15 18:18:09.937449', 1, '/admin/industry/category/list', '127.0.0.1', '本機地址', NULL),
(1513, '2022-11-15 18:18:12.736633', '2022-11-15 18:18:12.736633', 1, '/admin/industry/category/list', '127.0.0.1', '本機地址', NULL),
(1514, '2022-11-15 18:18:17.101770', '2022-11-15 18:18:17.101770', 1, '/admin/industry/category/list', '127.0.0.1', '本機地址', NULL),
(1515, '2022-11-15 18:18:34.287158', '2022-11-15 18:18:34.287158', 1, '/admin/industry/category/add', '127.0.0.1', '本機地址', '{\"name\":\"有幾高分子\",\"slug\":\"organic-polymer\",\"parentId\":[5,30],\"orderNum\":2,\"type\":null,\"keepAlive\":true,\"isShow\":true}'),
(1516, '2022-11-15 18:18:34.415438', '2022-11-15 18:18:34.415438', 1, '/admin/industry/category/list', '127.0.0.1', '本機地址', NULL),
(1517, '2022-11-15 18:18:49.976258', '2022-11-15 18:18:49.976258', 1, '/admin/industry/category/list', '127.0.0.1', '本機地址', NULL),
(1518, '2022-11-15 18:18:59.913001', '2022-11-15 18:18:59.913001', 1, '/admin/industry/category/list', '127.0.0.1', '本機地址', NULL),
(1519, '2022-11-15 18:19:04.905765', '2022-11-15 18:19:04.905765', 1, '/admin/industry/category/add', '127.0.0.1', '本機地址', '{\"name\":\"test\",\"slug\":\"test\",\"parentId\":[5,30],\"type\":null,\"keepAlive\":true,\"isShow\":true}'),
(1520, '2022-11-15 18:19:05.019471', '2022-11-15 18:19:05.019471', 1, '/admin/industry/category/list', '127.0.0.1', '本機地址', NULL),
(1521, '2022-11-15 18:19:39.643630', '2022-11-15 18:19:39.643630', 1, '/admin/industry/category/list', '127.0.0.1', '本機地址', NULL),
(1522, '2022-11-15 18:19:44.197517', '2022-11-15 18:19:44.197517', 1, '/admin/industry/category/add', '127.0.0.1', '本機地址', '{\"name\":\"satset\",\"slug\":\"sat\",\"parentId\":30,\"type\":null,\"keepAlive\":true,\"isShow\":true}'),
(1523, '2022-11-15 18:19:46.745266', '2022-11-15 18:19:46.745266', 1, '/admin/industry/category/list', '127.0.0.1', '本機地址', NULL),
(1524, '2022-11-15 18:19:52.808607', '2022-11-15 18:19:52.808607', 1, '/admin/industry/category/delete', '127.0.0.1', '本機地址', '{\"ids\":[31]}'),
(1525, '2022-11-15 18:19:52.866254', '2022-11-15 18:19:52.866254', 1, '/admin/industry/category/list', '127.0.0.1', '本機地址', NULL),
(1526, '2022-11-15 18:19:54.702534', '2022-11-15 18:19:54.702534', 1, '/admin/industry/category/list', '127.0.0.1', '本機地址', NULL),
(1527, '2022-11-15 18:20:22.074311', '2022-11-15 18:20:22.074311', 1, '/admin/industry/category/add', '127.0.0.1', '本機地址', '{\"name\":\"有機高分子\",\"slug\":\"organic-polymer\",\"parentId\":[],\"type\":null,\"keepAlive\":true,\"isShow\":true}'),
(1528, '2022-11-15 18:20:22.156603', '2022-11-15 18:20:22.156603', 1, '/admin/industry/category/list', '127.0.0.1', '本機地址', NULL),
(1529, '2022-11-15 18:20:35.740647', '2022-11-15 18:20:35.740647', 1, '/admin/industry/category/list', '127.0.0.1', '本機地址', NULL),
(1530, '2022-11-15 18:22:08.827941', '2022-11-15 18:22:08.827941', 1, '/admin/industry/category/list', '127.0.0.1', '本機地址', NULL),
(1531, '2022-11-15 18:40:02.968610', '2022-11-15 18:40:02.968610', 1, '/admin/base/comm/permmenu', '127.0.0.1', '本機地址', NULL),
(1532, '2022-11-15 18:40:03.008579', '2022-11-15 18:40:03.008579', 1, '/admin/base/comm/person', '127.0.0.1', '本機地址', NULL),
(1533, '2022-11-15 18:40:03.010256', '2022-11-15 18:40:03.010256', 1, '/admin/base/open/eps', '127.0.0.1', '本機地址', NULL),
(1534, '2022-11-15 18:41:22.634965', '2022-11-15 18:41:22.634965', 1, '/admin/news/article/page', '127.0.0.1', '本機地址', '{\"page\":1,\"size\":20}'),
(1535, '2022-11-15 18:41:24.790886', '2022-11-15 18:41:24.790886', 1, '/admin/industry/category/list', '127.0.0.1', '本機地址', NULL),
(1536, '2022-11-15 18:41:38.133039', '2022-11-15 18:41:38.133039', 1, '/admin/news/article/delete', '127.0.0.1', '本機地址', '{\"ids\":[26,22,21,19,18,17,16,15,14,13,12]}'),
(1537, '2022-11-15 18:41:38.209296', '2022-11-15 18:41:38.209296', 1, '/admin/news/article/page', '127.0.0.1', '本機地址', '{\"page\":1,\"size\":20}'),
(1538, '2022-11-15 18:41:39.658139', '2022-11-15 18:41:39.658139', 1, '/admin/industry/category/list', '127.0.0.1', '本機地址', NULL),
(1539, '2022-11-15 18:42:21.324894', '2022-11-15 18:42:21.324894', 1, '/admin/industry/category/list', '127.0.0.1', '本機地址', NULL),
(1540, '2022-11-15 18:43:06.694955', '2022-11-15 18:43:06.694955', 1, '/admin/industry/category/list', '127.0.0.1', '本機地址', NULL),
(1541, '2022-11-15 18:43:23.729934', '2022-11-15 18:43:23.729934', 1, '/admin/industry/category/info', '127.0.0.1', '本機地址', '{\"id\":\"17\"}'),
(1542, '2022-11-15 18:43:23.746080', '2022-11-15 18:43:23.746080', 1, '/admin/industry/category/list', '127.0.0.1', '本機地址', NULL),
(1543, '2022-11-15 18:43:49.938233', '2022-11-15 18:43:49.938233', 1, '/admin/base/open/eps', '127.0.0.1', '本機地址', NULL),
(1544, '2022-11-15 18:43:49.955457', '2022-11-15 18:43:49.955457', 1, '/admin/industry/category/list', '127.0.0.1', '本機地址', NULL),
(1545, '2022-11-15 18:43:51.862920', '2022-11-15 18:43:51.862920', 1, '/admin/base/open/eps', '127.0.0.1', '本機地址', NULL),
(1546, '2022-11-15 18:43:51.874154', '2022-11-15 18:43:51.874154', 1, '/admin/base/comm/person', '127.0.0.1', '本機地址', NULL),
(1547, '2022-11-15 18:43:51.906601', '2022-11-15 18:43:51.906601', 1, '/admin/base/comm/permmenu', '127.0.0.1', '本機地址', NULL),
(1548, '2022-11-15 18:43:52.314420', '2022-11-15 18:43:52.314420', 1, '/admin/industry/category/list', '127.0.0.1', '本機地址', NULL),
(1549, '2022-11-15 18:43:54.711246', '2022-11-15 18:43:54.711246', 1, '/admin/industry/category/list', '127.0.0.1', '本機地址', NULL),
(1550, '2022-11-15 18:43:54.724047', '2022-11-15 18:43:54.724047', 1, '/admin/industry/category/info', '127.0.0.1', '本機地址', '{\"id\":\"5\"}'),
(1551, '2022-11-15 18:43:57.197310', '2022-11-15 18:43:57.197310', 1, '/admin/industry/category/info', '127.0.0.1', '本機地址', '{\"id\":\"17\"}'),
(1552, '2022-11-15 18:43:57.203069', '2022-11-15 18:43:57.203069', 1, '/admin/industry/category/list', '127.0.0.1', '本機地址', NULL),
(1553, '2022-11-15 18:44:00.114444', '2022-11-15 18:44:00.114444', 1, '/admin/industry/category/update', '127.0.0.1', '本機地址', '{\"name\":\"應用科技趨勢\",\"slug\":\"applied-tech-trend\",\"description\":\"<p>應用科技趨勢</p>\",\"parentId\":null,\"icon\":null,\"orderNum\":1,\"id\":17,\"createTime\":\"2022-05-23 23:17:55\",\"updateTime\":\"2022-05-25 21:53:44\"}'),
(1554, '2022-11-15 18:44:00.213286', '2022-11-15 18:44:00.213286', 1, '/admin/industry/category/list', '127.0.0.1', '本機地址', NULL),
(1555, '2022-11-15 18:44:01.818003', '2022-11-15 18:44:01.818003', 1, '/admin/industry/category/list', '127.0.0.1', '本機地址', NULL),
(1556, '2022-11-15 18:44:09.410890', '2022-11-15 18:44:09.410890', 1, '/admin/news/article/page', '127.0.0.1', '本機地址', '{\"page\":1,\"size\":20}'),
(1557, '2022-11-15 18:44:12.734138', '2022-11-15 18:44:12.734138', 1, '/admin/industry/category/list', '127.0.0.1', '本機地址', NULL),
(1558, '2022-11-15 18:44:28.293534', '2022-11-15 18:44:28.293534', 1, '/admin/industry/category/list', '127.0.0.1', '本機地址', NULL),
(1559, '2022-11-15 18:44:28.559603', '2022-11-15 18:44:28.559603', 1, '/admin/base/open/eps', '127.0.0.1', '本機地址', NULL),
(1560, '2022-11-15 18:44:28.708405', '2022-11-15 18:44:28.708405', 1, '/admin/news/article/page', '127.0.0.1', '本機地址', '{\"page\":1,\"size\":20}'),
(1561, '2022-11-15 18:44:29.694003', '2022-11-15 18:44:29.694003', 1, '/admin/industry/category/list', '127.0.0.1', '本機地址', NULL),
(1562, '2022-11-15 18:44:30.722251', '2022-11-15 18:44:30.722251', 1, '/admin/industry/category/list', '127.0.0.1', '本機地址', NULL);

INSERT INTO `base_sys_menu` (`id`, `createTime`, `updateTime`, `parentId`, `name`, `router`, `perms`, `type`, `icon`, `orderNum`, `viewPath`, `keepAlive`, `isShow`) VALUES
(1, '2019-09-11 11:14:44.000000', '2022-05-25 17:47:09.618000', NULL, '工作台', '/', NULL, 0, 'icon-workbench', 11, NULL, 1, 0),
(2, '2019-09-11 11:14:47.000000', '2022-05-25 17:54:12.291000', NULL, '系统管理', '/sys', NULL, 0, 'icon-system', 22, NULL, 1, 1),
(8, '1900-01-20 23:19:57.000000', '2022-05-25 17:58:54.510000', 27, '選單列表', '/sys/menu', NULL, 1, 'icon-menu', 2, 'cool/modules/base/views/menu.vue', 1, 1),
(10, '1900-01-20 00:19:27.325000', '1900-01-20 00:19:27.325000', 8, '新增', NULL, 'base:sys:menu:add', 2, NULL, 1, NULL, 0, 1),
(11, '1900-01-20 00:19:51.101000', '1900-01-20 00:19:51.101000', 8, '删除', NULL, 'base:sys:menu:delete', 2, NULL, 2, NULL, 0, 1),
(12, '1900-01-20 00:20:05.150000', '1900-01-20 00:20:05.150000', 8, '修改', NULL, 'base:sys:menu:update', 2, NULL, 3, NULL, 0, 1),
(13, '1900-01-20 00:20:19.341000', '1900-01-20 00:20:19.341000', 8, '查询', NULL, 'base:sys:menu:page,base:sys:menu:list,base:sys:menu:info', 2, NULL, 4, NULL, 0, 1),
(22, '2019-09-12 00:34:01.000000', '2021-03-08 22:59:23.000000', 27, '角色列表', '/sys/role', NULL, 1, 'icon-common', 3, 'cool/modules/base/views/role.vue', 1, 1),
(23, '1900-01-20 00:34:23.459000', '1900-01-20 00:34:23.459000', 22, '新增', NULL, 'base:sys:role:add', 2, NULL, 1, NULL, 0, 1),
(24, '1900-01-20 00:34:40.523000', '1900-01-20 00:34:40.523000', 22, '删除', NULL, 'base:sys:role:delete', 2, NULL, 2, NULL, 0, 1),
(25, '1900-01-20 00:34:53.306000', '1900-01-20 00:34:53.306000', 22, '修改', NULL, 'base:sys:role:update', 2, NULL, 3, NULL, 0, 1),
(26, '1900-01-20 00:35:05.024000', '1900-01-20 00:35:05.024000', 22, '查询', NULL, 'base:sys:role:page,base:sys:role:list,base:sys:role:info', 2, NULL, 4, NULL, 0, 1),
(27, '2019-09-12 15:52:44.000000', '2022-05-25 17:53:23.013000', 2, '權限管理', NULL, NULL, 0, 'icon-auth', 1, NULL, 0, 1),
(29, '2019-09-12 17:35:51.000000', '2022-05-25 17:58:38.288000', 105, '請求紀錄', '/sys/log', NULL, 1, 'icon-log', 1, 'cool/modules/base/views/log.vue', 1, 1),
(30, '2019-09-12 17:37:03.000000', '2021-03-03 10:16:26.000000', 29, '权限', NULL, 'base:sys:log:page,base:sys:log:clear,base:sys:log:getKeep,base:sys:log:setKeep', 2, NULL, 1, NULL, 0, 1),
(43, '2019-11-07 14:22:34.000000', '2021-03-08 23:02:51.000000', 45, 'crud 示例', '/crud', NULL, 1, 'icon-favor', 1, 'cool/modules/demo/views/crud.vue', 1, 1),
(45, '2019-11-07 22:36:57.000000', '2019-11-11 15:21:10.000000', 1, '组件库', '/ui-lib', NULL, 0, 'icon-common', 2, NULL, 1, 1),
(47, '2019-11-08 09:35:08.000000', '2022-05-25 17:46:53.299000', NULL, '框架教程', '/tutorial', NULL, 0, 'icon-task', 14, NULL, 1, 0),
(48, '2019-11-08 09:35:53.000000', '2021-03-03 11:03:21.000000', 47, '文档', '/tutorial/doc', NULL, 1, 'icon-log', 0, 'https://cool-js.com', 1, 1),
(49, '2019-11-09 22:11:13.000000', '2021-03-09 09:50:46.000000', 45, 'quill 富文本编辑器', '/editor-quill', NULL, 1, 'icon-favor', 2, 'cool/modules/demo/views/editor-quill.vue', 1, 1),
(59, '2019-11-18 16:50:27.000000', '2019-11-18 16:50:27.000000', 97, '部门列表', NULL, 'base:sys:department:list', 2, NULL, 0, NULL, 1, 1),
(60, '2019-11-18 16:50:45.000000', '2019-11-18 16:50:45.000000', 97, '新增部门', NULL, 'base:sys:department:add', 2, NULL, 0, NULL, 1, 1),
(61, '2019-11-18 16:50:59.000000', '2019-11-18 16:50:59.000000', 97, '更新部门', NULL, 'base:sys:department:update', 2, NULL, 0, NULL, 1, 1),
(62, '2019-11-18 16:51:13.000000', '2019-11-18 16:51:13.000000', 97, '删除部门', NULL, 'base:sys:department:delete', 2, NULL, 0, NULL, 1, 1),
(63, '2019-11-18 17:49:35.000000', '2019-11-18 17:49:35.000000', 97, '部门排序', NULL, 'base:sys:department:order', 2, NULL, 0, NULL, 1, 1),
(65, '2019-11-18 23:59:21.000000', '2019-11-18 23:59:21.000000', 97, '用户转移', NULL, 'base:sys:user:move', 2, NULL, 0, NULL, 1, 1),
(78, '2019-12-10 13:27:56.000000', '2022-05-25 17:53:30.829000', 2, '參數配置', NULL, NULL, 0, 'icon-common', 4, NULL, 1, 1),
(79, '1900-01-20 13:29:33.000000', '2022-05-25 17:58:46.100000', 78, '參數列表', '/sys/param', NULL, 1, 'icon-menu', 0, 'cool/modules/base/views/param.vue', 1, 1),
(80, '1900-01-20 13:29:50.146000', '1900-01-20 13:29:50.146000', 79, '新增', NULL, 'base:sys:param:add', 2, NULL, 0, NULL, 1, 1),
(81, '1900-01-20 13:30:10.030000', '1900-01-20 13:30:10.030000', 79, '修改', NULL, 'base:sys:param:info,base:sys:param:update', 2, NULL, 0, NULL, 1, 1),
(82, '1900-01-20 13:30:25.791000', '1900-01-20 13:30:25.791000', 79, '删除', NULL, 'base:sys:param:delete', 2, NULL, 0, NULL, 1, 1),
(83, '1900-01-20 13:30:40.469000', '1900-01-20 13:30:40.469000', 79, '查看', NULL, 'base:sys:param:page,base:sys:param:list,base:sys:param:info', 2, NULL, 0, NULL, 1, 1),
(84, '2020-07-25 16:21:30.000000', '2020-07-25 16:21:30.000000', NULL, '通用', NULL, NULL, 0, 'icon-radioboxfill', 99, NULL, 1, 0),
(85, '2020-07-25 16:22:14.000000', '2021-03-03 10:36:00.000000', 84, '图片上传', NULL, 'space:info:page,space:info:list,space:info:info,space:info:add,space:info:delete,space:info:update,space:type:page,space:type:list,space:type:info,space:type:add,space:type:delete,space:type:update', 2, NULL, 1, NULL, 1, 1),
(86, '2020-08-12 09:56:27.000000', '2021-03-08 23:03:03.000000', 45, '文件上传', '/upload', NULL, 1, 'icon-favor', 3, 'cool/modules/demo/views/upload.vue', 1, 1),
(90, '1900-01-20 10:26:58.615000', '1900-01-20 10:26:58.615000', 84, '客服聊天', NULL, 'base:app:im:message:read,base:app:im:message:page,base:app:im:session:page,base:app:im:session:list,base:app:im:session:unreadCount,base:app:im:session:delete', 2, NULL, 0, NULL, 1, 1),
(96, '2021-01-12 14:12:20.000000', '2021-03-08 23:02:40.000000', 1, '组件预览', '/demo', NULL, 1, 'icon-favor', 0, 'cool/modules/demo/views/demo.vue', 1, 1),
(97, '1900-01-20 14:14:02.000000', '2022-05-25 17:54:02.763000', NULL, '用户列表', '/sys/user', NULL, 1, 'icon-user', 21, 'cool/modules/base/views/user.vue', 1, 1),
(98, '1900-01-20 14:14:13.528000', '1900-01-20 14:14:13.528000', 97, '新增', NULL, 'base:sys:user:add', 2, NULL, 0, NULL, 1, 1),
(99, '1900-01-20 14:14:22.823000', '1900-01-20 14:14:22.823000', 97, '删除', NULL, 'base:sys:user:delete', 2, NULL, 0, NULL, 1, 1),
(100, '1900-01-20 14:14:33.973000', '1900-01-20 14:14:33.973000', 97, '修改', NULL, 'base:sys:user:delete,base:sys:user:update', 2, NULL, 0, NULL, 1, 1),
(101, '2021-01-12 14:14:51.000000', '2021-01-12 14:14:51.000000', 97, '查询', NULL, 'base:sys:user:page,base:sys:user:list,base:sys:user:info', 2, NULL, 0, NULL, 1, 1),
(105, '2021-01-21 10:42:55.000000', '2022-05-25 17:53:37.268000', 2, '監控管理', NULL, NULL, 0, 'icon-rank', 6, NULL, 1, 1),
(117, '2021-03-05 10:58:25.000000', '2022-05-25 17:59:14.822000', NULL, '任務管理', NULL, NULL, 0, 'icon-activity', 23, NULL, 1, 1),
(118, '2021-03-05 10:59:42.000000', '2022-05-25 17:59:20.870000', 117, '任務列表', '/task', NULL, 1, 'icon-menu', 0, 'cool/modules/task/views/task.vue', 1, 1),
(119, '2021-03-05 11:00:00.000000', '2021-03-05 11:00:00.000000', 118, '权限', NULL, 'task:info:page,task:info:list,task:info:info,task:info:add,task:info:delete,task:info:update,task:info:stop,task:info:start,task:info:once,task:info:log', 2, NULL, 0, NULL, 1, 1),
(172, '2022-05-30 17:25:42.218000', '2022-06-27 21:19:57.085000', NULL, '新聞列表', '/news/article', '', 1, 'icon-news', 1, 'modules/news/views/article.vue', 1, 1),
(173, '2022-05-30 17:25:42.272897', '2022-05-30 17:25:42.272897', 172, '取得留言', NULL, 'news:article:comment', 2, NULL, 0, NULL, 1, 1),
(174, '2022-05-30 17:25:42.276525', '2022-05-30 17:25:42.276525', 172, '删除', NULL, 'news:article:delete', 2, NULL, 0, NULL, 1, 1),
(175, '2022-05-30 17:25:42.282289', '2022-05-30 17:25:42.282289', 172, '修改', NULL, 'news:article:update,news:article:info', 2, NULL, 0, NULL, 1, 1),
(176, '2022-05-30 17:25:42.287358', '2022-05-30 17:25:42.287358', 172, '单个信息', NULL, 'news:article:info', 2, NULL, 0, NULL, 1, 1),
(177, '2022-05-30 17:25:42.291145', '2022-05-30 17:25:42.291145', 172, '列表查询', NULL, 'news:article:list', 2, NULL, 0, NULL, 1, 1),
(178, '2022-05-30 17:25:42.295573', '2022-05-30 17:25:42.295573', 172, '分页查询', NULL, 'news:article:page', 2, NULL, 0, NULL, 1, 1),
(179, '2022-05-30 17:25:42.299932', '2022-05-30 17:25:42.299932', 172, '新增', NULL, 'news:article:add', 2, NULL, 0, NULL, 1, 1),
(180, '2022-05-30 17:35:36.394000', '2022-05-30 17:35:36.394000', NULL, '產業類別', '/industry/category', NULL, 1, 'icon-app', 10, 'modules/industry/views/category.vue', 1, 1),
(181, '2022-05-30 17:35:36.465332', '2022-05-30 17:35:36.465332', 180, '删除', NULL, 'industry:category:delete', 2, NULL, 0, NULL, 1, 1),
(182, '2022-05-30 17:35:36.472010', '2022-05-30 17:35:36.472010', 180, '修改', NULL, 'industry:category:update,industry:category:info', 2, NULL, 0, NULL, 1, 1),
(183, '2022-05-30 17:35:36.476969', '2022-05-30 17:35:36.476969', 180, '单个信息', NULL, 'industry:category:info', 2, NULL, 0, NULL, 1, 1),
(184, '2022-05-30 17:35:36.482802', '2022-05-30 17:35:36.482802', 180, '列表查询', NULL, 'industry:category:list', 2, NULL, 0, NULL, 1, 1),
(185, '2022-05-30 17:35:36.487227', '2022-05-30 17:35:36.487227', 180, '分页查询', NULL, 'industry:category:page', 2, NULL, 0, NULL, 1, 1),
(186, '2022-05-30 17:35:36.492346', '2022-05-30 17:35:36.492346', 180, '新增', NULL, 'industry:category:add', 2, NULL, 0, NULL, 1, 1),
(187, '2022-06-04 01:38:03.856000', '2022-06-04 01:38:03.856000', 172, '留言操作', NULL, 'news:comment:update,news:comment:info,news:comment:add', 2, NULL, 0, NULL, 1, 1),
(195, '2022-06-30 01:21:32.911000', '2022-06-30 01:21:32.911000', NULL, '小知識列表', '/tip/index', NULL, 1, 'icon-log', 0, 'modules/tip/views/index.vue', 1, 1),
(196, '2022-06-30 01:21:32.974929', '2022-06-30 01:21:32.974929', 195, '删除', NULL, 'tip:index:delete', 2, NULL, 0, NULL, 1, 1),
(197, '2022-06-30 01:21:32.979831', '2022-06-30 01:21:32.979831', 195, '修改', NULL, 'tip:index:update,tip:index:info', 2, NULL, 0, NULL, 1, 1),
(198, '2022-06-30 01:21:32.983961', '2022-06-30 01:21:32.983961', 195, '单个信息', NULL, 'tip:index:info', 2, NULL, 0, NULL, 1, 1),
(199, '2022-06-30 01:21:32.986419', '2022-06-30 01:21:32.986419', 195, '列表查询', NULL, 'tip:index:list', 2, NULL, 0, NULL, 1, 1),
(200, '2022-06-30 01:21:32.990561', '2022-06-30 01:21:32.990561', 195, '分页查询', NULL, 'tip:index:page', 2, NULL, 0, NULL, 1, 1),
(201, '2022-06-30 01:21:32.993378', '2022-06-30 01:21:32.993378', 195, '新增', NULL, 'tip:index:add', 2, NULL, 0, NULL, 1, 1);

INSERT INTO `base_sys_param` (`id`, `createTime`, `updateTime`, `keyName`, `name`, `data`, `dataType`, `remark`) VALUES
(1, '2021-02-26 13:53:05.000000', '2021-03-03 17:50:04.000000', 'text', '富文本参数', '<p><strong class=\"ql-size-huge\">111xxxxx2222<span class=\"ql-cursor\">﻿﻿</span></strong></p>', 0, NULL),
(2, '2021-02-26 13:53:18.000000', '2021-02-26 13:53:18.000000', 'json', 'JSON参数', '{\n    code: 111\n}', 0, NULL);

INSERT INTO `base_sys_role` (`id`, `createTime`, `updateTime`, `userId`, `name`, `label`, `remark`, `relevance`) VALUES
(1, '2021-02-24 21:18:39.682358', '2021-02-24 21:18:39.682358', '1', '超管', 'admin', '最高权限的角色', 1),
(10, '2021-02-26 14:15:38.000000', '2022-06-04 01:42:52.326000', '1', '系統管理員', 'admin-sys', NULL, 1),
(11, '2021-02-26 14:16:49.044744', '2022-05-18 17:57:41.815000', '1', '用戶', 'member', NULL, 0),
(12, '2021-02-26 14:26:51.000000', '2022-06-30 22:01:09.454000', '1', '開發', 'dev', NULL, 0),
(13, '2021-02-26 14:27:58.000000', '2022-05-18 17:57:30.549000', '1', '測試', 'test', NULL, 0),
(14, '2022-07-02 17:44:20.921000', '2022-07-02 17:45:03.700000', '1', '創作者', 'creator', NULL, 1),
(15, '2022-07-02 17:51:28.510000', '2022-07-02 17:51:28.510000', '1', '編輯', 'editor', '後台系統文章新增、編輯、修改權限', 1);

INSERT INTO `base_sys_role_department` (`id`, `createTime`, `updateTime`, `roleId`, `departmentId`) VALUES
(1, '2021-02-26 12:00:23.787939', '2021-02-26 12:00:23.787939', 8, 4),
(2, '2021-02-26 12:01:11.525205', '2021-02-26 12:01:11.525205', 9, 1),
(3, '2021-02-26 12:01:11.624266', '2021-02-26 12:01:11.624266', 9, 4),
(4, '2021-02-26 12:01:11.721894', '2021-02-26 12:01:11.721894', 9, 5),
(5, '2021-02-26 12:01:11.823342', '2021-02-26 12:01:11.823342', 9, 8),
(6, '2021-02-26 12:01:11.922873', '2021-02-26 12:01:11.922873', 9, 9),
(28, '2022-05-18 17:57:30.869128', '2022-05-18 17:57:30.869128', 13, 12),
(34, '2022-06-04 01:42:52.650984', '2022-06-04 01:42:52.650984', 10, 1),
(35, '2022-06-30 22:01:09.956947', '2022-06-30 22:01:09.956947', 12, 11),
(37, '2022-07-02 17:45:03.723541', '2022-07-02 17:45:03.723541', 14, 13),
(38, '2022-07-02 17:51:28.530321', '2022-07-02 17:51:28.530321', 15, 18);

INSERT INTO `base_sys_role_menu` (`id`, `createTime`, `updateTime`, `roleId`, `menuId`) VALUES
(1, '2021-02-26 12:00:18.240154', '2021-02-26 12:00:18.240154', 8, 1),
(2, '2021-02-26 12:00:18.342131', '2021-02-26 12:00:18.342131', 8, 96),
(3, '2021-02-26 12:00:18.444143', '2021-02-26 12:00:18.444143', 8, 45),
(4, '2021-02-26 12:00:18.545490', '2021-02-26 12:00:18.545490', 8, 43),
(5, '2021-02-26 12:00:18.649626', '2021-02-26 12:00:18.649626', 8, 49),
(6, '2021-02-26 12:00:18.752369', '2021-02-26 12:00:18.752369', 8, 86),
(7, '2021-02-26 12:00:18.856023', '2021-02-26 12:00:18.856023', 8, 2),
(8, '2021-02-26 12:00:18.956131', '2021-02-26 12:00:18.956131', 8, 27),
(9, '2021-02-26 12:00:19.071490', '2021-02-26 12:00:19.071490', 8, 97),
(10, '2021-02-26 12:00:19.171745', '2021-02-26 12:00:19.171745', 8, 59),
(11, '2021-02-26 12:00:19.274495', '2021-02-26 12:00:19.274495', 8, 60),
(12, '2021-02-26 12:00:19.374610', '2021-02-26 12:00:19.374610', 8, 61),
(13, '2021-02-26 12:00:19.474750', '2021-02-26 12:00:19.474750', 8, 62),
(14, '2021-02-26 12:00:19.573369', '2021-02-26 12:00:19.573369', 8, 63),
(15, '2021-02-26 12:00:19.674242', '2021-02-26 12:00:19.674242', 8, 65),
(16, '2021-02-26 12:00:19.772886', '2021-02-26 12:00:19.772886', 8, 98),
(17, '2021-02-26 12:00:19.874134', '2021-02-26 12:00:19.874134', 8, 99),
(18, '2021-02-26 12:00:19.972728', '2021-02-26 12:00:19.972728', 8, 100),
(19, '2021-02-26 12:00:20.085877', '2021-02-26 12:00:20.085877', 8, 101),
(20, '2021-02-26 12:00:20.192887', '2021-02-26 12:00:20.192887', 8, 8),
(21, '2021-02-26 12:00:20.293747', '2021-02-26 12:00:20.293747', 8, 10),
(22, '2021-02-26 12:00:20.393491', '2021-02-26 12:00:20.393491', 8, 11),
(23, '2021-02-26 12:00:20.495110', '2021-02-26 12:00:20.495110', 8, 12),
(24, '2021-02-26 12:00:20.594083', '2021-02-26 12:00:20.594083', 8, 13),
(25, '2021-02-26 12:00:20.695727', '2021-02-26 12:00:20.695727', 8, 22),
(26, '2021-02-26 12:00:20.794729', '2021-02-26 12:00:20.794729', 8, 23),
(27, '2021-02-26 12:00:20.895601', '2021-02-26 12:00:20.895601', 8, 24),
(28, '2021-02-26 12:00:20.994972', '2021-02-26 12:00:20.994972', 8, 25),
(29, '2021-02-26 12:00:21.110384', '2021-02-26 12:00:21.110384', 8, 26),
(30, '2021-02-26 12:00:21.210970', '2021-02-26 12:00:21.210970', 8, 69),
(31, '2021-02-26 12:00:21.311852', '2021-02-26 12:00:21.311852', 8, 70),
(32, '2021-02-26 12:00:21.411591', '2021-02-26 12:00:21.411591', 8, 71),
(33, '2021-02-26 12:00:21.513584', '2021-02-26 12:00:21.513584', 8, 72),
(34, '2021-02-26 12:00:21.612212', '2021-02-26 12:00:21.612212', 8, 73),
(35, '2021-02-26 12:00:21.712720', '2021-02-26 12:00:21.712720', 8, 74),
(36, '2021-02-26 12:00:21.812839', '2021-02-26 12:00:21.812839', 8, 75),
(37, '2021-02-26 12:00:21.913321', '2021-02-26 12:00:21.913321', 8, 76),
(38, '2021-02-26 12:00:22.013970', '2021-02-26 12:00:22.013970', 8, 77),
(39, '2021-02-26 12:00:22.144879', '2021-02-26 12:00:22.144879', 8, 78),
(40, '2021-02-26 12:00:22.246707', '2021-02-26 12:00:22.246707', 8, 79),
(41, '2021-02-26 12:00:22.347579', '2021-02-26 12:00:22.347579', 8, 80),
(42, '2021-02-26 12:00:22.446947', '2021-02-26 12:00:22.446947', 8, 81),
(43, '2021-02-26 12:00:22.547082', '2021-02-26 12:00:22.547082', 8, 82),
(44, '2021-02-26 12:00:22.647197', '2021-02-26 12:00:22.647197', 8, 83),
(45, '2021-02-26 12:00:22.748089', '2021-02-26 12:00:22.748089', 8, 105),
(46, '2021-02-26 12:00:22.847814', '2021-02-26 12:00:22.847814', 8, 102),
(47, '2021-02-26 12:00:22.949071', '2021-02-26 12:00:22.949071', 8, 103),
(48, '2021-02-26 12:00:23.047353', '2021-02-26 12:00:23.047353', 8, 29),
(49, '2021-02-26 12:00:23.147826', '2021-02-26 12:00:23.147826', 8, 30),
(50, '2021-02-26 12:00:23.246800', '2021-02-26 12:00:23.246800', 8, 47),
(51, '2021-02-26 12:00:23.349541', '2021-02-26 12:00:23.349541', 8, 48),
(52, '2021-02-26 12:00:23.463177', '2021-02-26 12:00:23.463177', 8, 84),
(53, '2021-02-26 12:00:23.564096', '2021-02-26 12:00:23.564096', 8, 90),
(54, '2021-02-26 12:00:23.663815', '2021-02-26 12:00:23.663815', 8, 85),
(55, '2021-02-26 12:01:05.971978', '2021-02-26 12:01:05.971978', 9, 1),
(56, '2021-02-26 12:01:06.085568', '2021-02-26 12:01:06.085568', 9, 96),
(57, '2021-02-26 12:01:06.198271', '2021-02-26 12:01:06.198271', 9, 45),
(58, '2021-02-26 12:01:06.309736', '2021-02-26 12:01:06.309736', 9, 43),
(59, '2021-02-26 12:01:06.410785', '2021-02-26 12:01:06.410785', 9, 49),
(60, '2021-02-26 12:01:06.510712', '2021-02-26 12:01:06.510712', 9, 86),
(61, '2021-02-26 12:01:06.612457', '2021-02-26 12:01:06.612457', 9, 2),
(62, '2021-02-26 12:01:06.710397', '2021-02-26 12:01:06.710397', 9, 27),
(63, '2021-02-26 12:01:06.809104', '2021-02-26 12:01:06.809104', 9, 97),
(64, '2021-02-26 12:01:06.907088', '2021-02-26 12:01:06.907088', 9, 59),
(65, '2021-02-26 12:01:07.009988', '2021-02-26 12:01:07.009988', 9, 60),
(66, '2021-02-26 12:01:07.122372', '2021-02-26 12:01:07.122372', 9, 61),
(67, '2021-02-26 12:01:07.223694', '2021-02-26 12:01:07.223694', 9, 62),
(68, '2021-02-26 12:01:07.325022', '2021-02-26 12:01:07.325022', 9, 63),
(69, '2021-02-26 12:01:07.425209', '2021-02-26 12:01:07.425209', 9, 65),
(70, '2021-02-26 12:01:07.522081', '2021-02-26 12:01:07.522081', 9, 98),
(71, '2021-02-26 12:01:07.622775', '2021-02-26 12:01:07.622775', 9, 99),
(72, '2021-02-26 12:01:07.721181', '2021-02-26 12:01:07.721181', 9, 100),
(73, '2021-02-26 12:01:07.819589', '2021-02-26 12:01:07.819589', 9, 101),
(74, '2021-02-26 12:01:07.920497', '2021-02-26 12:01:07.920497', 9, 8),
(75, '2021-02-26 12:01:08.018875', '2021-02-26 12:01:08.018875', 9, 10),
(76, '2021-02-26 12:01:08.135192', '2021-02-26 12:01:08.135192', 9, 11),
(77, '2021-02-26 12:01:08.246405', '2021-02-26 12:01:08.246405', 9, 12),
(78, '2021-02-26 12:01:08.346661', '2021-02-26 12:01:08.346661', 9, 13),
(79, '2021-02-26 12:01:08.448436', '2021-02-26 12:01:08.448436', 9, 22),
(80, '2021-02-26 12:01:08.547496', '2021-02-26 12:01:08.547496', 9, 23),
(81, '2021-02-26 12:01:08.648457', '2021-02-26 12:01:08.648457', 9, 24),
(82, '2021-02-26 12:01:08.750564', '2021-02-26 12:01:08.750564', 9, 25),
(83, '2021-02-26 12:01:08.851783', '2021-02-26 12:01:08.851783', 9, 26),
(84, '2021-02-26 12:01:08.950898', '2021-02-26 12:01:08.950898', 9, 69),
(85, '2021-02-26 12:01:09.061982', '2021-02-26 12:01:09.061982', 9, 70),
(86, '2021-02-26 12:01:09.165258', '2021-02-26 12:01:09.165258', 9, 71),
(87, '2021-02-26 12:01:09.266177', '2021-02-26 12:01:09.266177', 9, 72),
(88, '2021-02-26 12:01:09.366427', '2021-02-26 12:01:09.366427', 9, 73),
(89, '2021-02-26 12:01:09.467877', '2021-02-26 12:01:09.467877', 9, 74),
(90, '2021-02-26 12:01:09.568526', '2021-02-26 12:01:09.568526', 9, 75),
(91, '2021-02-26 12:01:09.668052', '2021-02-26 12:01:09.668052', 9, 76),
(92, '2021-02-26 12:01:09.766367', '2021-02-26 12:01:09.766367', 9, 77),
(93, '2021-02-26 12:01:09.866170', '2021-02-26 12:01:09.866170', 9, 78),
(94, '2021-02-26 12:01:09.963037', '2021-02-26 12:01:09.963037', 9, 79),
(95, '2021-02-26 12:01:10.082046', '2021-02-26 12:01:10.082046', 9, 80),
(96, '2021-02-26 12:01:10.185024', '2021-02-26 12:01:10.185024', 9, 81),
(97, '2021-02-26 12:01:10.283787', '2021-02-26 12:01:10.283787', 9, 82),
(98, '2021-02-26 12:01:10.382883', '2021-02-26 12:01:10.382883', 9, 83),
(99, '2021-02-26 12:01:10.481150', '2021-02-26 12:01:10.481150', 9, 105),
(100, '2021-02-26 12:01:10.579579', '2021-02-26 12:01:10.579579', 9, 102),
(101, '2021-02-26 12:01:10.679489', '2021-02-26 12:01:10.679489', 9, 103),
(102, '2021-02-26 12:01:10.777496', '2021-02-26 12:01:10.777496', 9, 29),
(103, '2021-02-26 12:01:10.878292', '2021-02-26 12:01:10.878292', 9, 30),
(104, '2021-02-26 12:01:10.977354', '2021-02-26 12:01:10.977354', 9, 47),
(105, '2021-02-26 12:01:11.097786', '2021-02-26 12:01:11.097786', 9, 48),
(106, '2021-02-26 12:01:11.201390', '2021-02-26 12:01:11.201390', 9, 84),
(107, '2021-02-26 12:01:11.302120', '2021-02-26 12:01:11.302120', 9, 90),
(108, '2021-02-26 12:01:11.402751', '2021-02-26 12:01:11.402751', 9, 85),
(527, '2022-05-18 17:57:30.576879', '2022-05-18 17:57:30.576879', 13, 84),
(528, '2022-05-18 17:57:30.586686', '2022-05-18 17:57:30.586686', 13, 85),
(529, '2022-05-18 17:57:30.592038', '2022-05-18 17:57:30.592038', 13, 90),
(530, '2022-05-18 17:57:30.598696', '2022-05-18 17:57:30.598696', 13, 47),
(531, '2022-05-18 17:57:30.602521', '2022-05-18 17:57:30.602521', 13, 48),
(532, '2022-05-18 17:57:30.606872', '2022-05-18 17:57:30.606872', 13, 2),
(533, '2022-05-18 17:57:30.613134', '2022-05-18 17:57:30.613134', 13, 105),
(534, '2022-05-18 17:57:30.619688', '2022-05-18 17:57:30.619688', 13, 29),
(535, '2022-05-18 17:57:30.626310', '2022-05-18 17:57:30.626310', 13, 30),
(536, '2022-05-18 17:57:30.630568', '2022-05-18 17:57:30.630568', 13, 78),
(537, '2022-05-18 17:57:30.633794', '2022-05-18 17:57:30.633794', 13, 79),
(538, '2022-05-18 17:57:30.640854', '2022-05-18 17:57:30.640854', 13, 80),
(539, '2022-05-18 17:57:30.647420', '2022-05-18 17:57:30.647420', 13, 81),
(540, '2022-05-18 17:57:30.650189', '2022-05-18 17:57:30.650189', 13, 82),
(541, '2022-05-18 17:57:30.659028', '2022-05-18 17:57:30.659028', 13, 83),
(542, '2022-05-18 17:57:30.666417', '2022-05-18 17:57:30.666417', 13, 27),
(543, '2022-05-18 17:57:30.680888', '2022-05-18 17:57:30.680888', 13, 22),
(544, '2022-05-18 17:57:30.693348', '2022-05-18 17:57:30.693348', 13, 26),
(545, '2022-05-18 17:57:30.703525', '2022-05-18 17:57:30.703525', 13, 25),
(546, '2022-05-18 17:57:30.712565', '2022-05-18 17:57:30.712565', 13, 24),
(547, '2022-05-18 17:57:30.728329', '2022-05-18 17:57:30.728329', 13, 23),
(548, '2022-05-18 17:57:30.737363', '2022-05-18 17:57:30.737363', 13, 8),
(549, '2022-05-18 17:57:30.744725', '2022-05-18 17:57:30.744725', 13, 13),
(550, '2022-05-18 17:57:30.752906', '2022-05-18 17:57:30.752906', 13, 12),
(551, '2022-05-18 17:57:30.762899', '2022-05-18 17:57:30.762899', 13, 11),
(552, '2022-05-18 17:57:30.767851', '2022-05-18 17:57:30.767851', 13, 10),
(553, '2022-05-18 17:57:30.777912', '2022-05-18 17:57:30.777912', 13, 97),
(554, '2022-05-18 17:57:30.782972', '2022-05-18 17:57:30.782972', 13, 59),
(555, '2022-05-18 17:57:30.786352', '2022-05-18 17:57:30.786352', 13, 60),
(556, '2022-05-18 17:57:30.794670', '2022-05-18 17:57:30.794670', 13, 61),
(557, '2022-05-18 17:57:30.801080', '2022-05-18 17:57:30.801080', 13, 62),
(558, '2022-05-18 17:57:30.808227', '2022-05-18 17:57:30.808227', 13, 63),
(559, '2022-05-18 17:57:30.814236', '2022-05-18 17:57:30.814236', 13, 65),
(560, '2022-05-18 17:57:30.818261', '2022-05-18 17:57:30.818261', 13, 98),
(561, '2022-05-18 17:57:30.819972', '2022-05-18 17:57:30.819972', 13, 99),
(562, '2022-05-18 17:57:30.822536', '2022-05-18 17:57:30.822536', 13, 100),
(563, '2022-05-18 17:57:30.825238', '2022-05-18 17:57:30.825238', 13, 101),
(564, '2022-05-18 17:57:30.827405', '2022-05-18 17:57:30.827405', 13, 1),
(565, '2022-05-18 17:57:30.836265', '2022-05-18 17:57:30.836265', 13, 45),
(566, '2022-05-18 17:57:30.843770', '2022-05-18 17:57:30.843770', 13, 86),
(567, '2022-05-18 17:57:30.853610', '2022-05-18 17:57:30.853610', 13, 49),
(568, '2022-05-18 17:57:30.864516', '2022-05-18 17:57:30.864516', 13, 43),
(569, '2022-05-18 17:57:30.866176', '2022-05-18 17:57:30.866176', 13, 96),
(613, '2022-05-18 17:57:41.832030', '2022-05-18 17:57:41.832030', 11, 85),
(614, '2022-05-18 17:57:41.835808', '2022-05-18 17:57:41.835808', 11, 47),
(615, '2022-05-18 17:57:41.838664', '2022-05-18 17:57:41.838664', 11, 48),
(616, '2022-05-18 17:57:41.840708', '2022-05-18 17:57:41.840708', 11, 1),
(617, '2022-05-18 17:57:41.843061', '2022-05-18 17:57:41.843061', 11, 45),
(618, '2022-05-18 17:57:41.845302', '2022-05-18 17:57:41.845302', 11, 86),
(619, '2022-05-18 17:57:41.848544', '2022-05-18 17:57:41.848544', 11, 49),
(620, '2022-05-18 17:57:41.850809', '2022-05-18 17:57:41.850809', 11, 43),
(621, '2022-05-18 17:57:41.853031', '2022-05-18 17:57:41.853031', 11, 96),
(622, '2022-05-18 17:57:41.855324', '2022-05-18 17:57:41.855324', 11, 84),
(828, '2022-06-04 01:42:52.354209', '2022-06-04 01:42:52.354209', 10, 127),
(829, '2022-06-04 01:42:52.359990', '2022-06-04 01:42:52.359990', 10, 128),
(830, '2022-06-04 01:42:52.365331', '2022-06-04 01:42:52.365331', 10, 129),
(831, '2022-06-04 01:42:52.369670', '2022-06-04 01:42:52.369670', 10, 130),
(832, '2022-06-04 01:42:52.374480', '2022-06-04 01:42:52.374480', 10, 131),
(833, '2022-06-04 01:42:52.378944', '2022-06-04 01:42:52.378944', 10, 132),
(834, '2022-06-04 01:42:52.383731', '2022-06-04 01:42:52.383731', 10, 133),
(835, '2022-06-04 01:42:52.388189', '2022-06-04 01:42:52.388189', 10, 172),
(836, '2022-06-04 01:42:52.392613', '2022-06-04 01:42:52.392613', 10, 173),
(837, '2022-06-04 01:42:52.398480', '2022-06-04 01:42:52.398480', 10, 174),
(838, '2022-06-04 01:42:52.402848', '2022-06-04 01:42:52.402848', 10, 175),
(839, '2022-06-04 01:42:52.407065', '2022-06-04 01:42:52.407065', 10, 176),
(840, '2022-06-04 01:42:52.410656', '2022-06-04 01:42:52.410656', 10, 177),
(841, '2022-06-04 01:42:52.414833', '2022-06-04 01:42:52.414833', 10, 178),
(842, '2022-06-04 01:42:52.419285', '2022-06-04 01:42:52.419285', 10, 179),
(843, '2022-06-04 01:42:52.445417', '2022-06-04 01:42:52.445417', 10, 187),
(844, '2022-06-04 01:42:52.449707', '2022-06-04 01:42:52.449707', 10, 180),
(845, '2022-06-04 01:42:52.455118', '2022-06-04 01:42:52.455118', 10, 181),
(846, '2022-06-04 01:42:52.474354', '2022-06-04 01:42:52.474354', 10, 182),
(847, '2022-06-04 01:42:52.479335', '2022-06-04 01:42:52.479335', 10, 183),
(848, '2022-06-04 01:42:52.487117', '2022-06-04 01:42:52.487117', 10, 184),
(849, '2022-06-04 01:42:52.493368', '2022-06-04 01:42:52.493368', 10, 185),
(850, '2022-06-04 01:42:52.500299', '2022-06-04 01:42:52.500299', 10, 186),
(851, '2022-06-04 01:42:52.504940', '2022-06-04 01:42:52.504940', 10, 97),
(852, '2022-06-04 01:42:52.509878', '2022-06-04 01:42:52.509878', 10, 59),
(853, '2022-06-04 01:42:52.516220', '2022-06-04 01:42:52.516220', 10, 60),
(854, '2022-06-04 01:42:52.522309', '2022-06-04 01:42:52.522309', 10, 61),
(855, '2022-06-04 01:42:52.527978', '2022-06-04 01:42:52.527978', 10, 62),
(856, '2022-06-04 01:42:52.534079', '2022-06-04 01:42:52.534079', 10, 63),
(857, '2022-06-04 01:42:52.539601', '2022-06-04 01:42:52.539601', 10, 65),
(858, '2022-06-04 01:42:52.544434', '2022-06-04 01:42:52.544434', 10, 98),
(859, '2022-06-04 01:42:52.548401', '2022-06-04 01:42:52.548401', 10, 99),
(860, '2022-06-04 01:42:52.552767', '2022-06-04 01:42:52.552767', 10, 100),
(861, '2022-06-04 01:42:52.559148', '2022-06-04 01:42:52.559148', 10, 101),
(862, '2022-06-04 01:42:52.563198', '2022-06-04 01:42:52.563198', 10, 105),
(863, '2022-06-04 01:42:52.567598', '2022-06-04 01:42:52.567598', 10, 29),
(864, '2022-06-04 01:42:52.572111', '2022-06-04 01:42:52.572111', 10, 30),
(865, '2022-06-04 01:42:52.576729', '2022-06-04 01:42:52.576729', 10, 84),
(866, '2022-06-04 01:42:52.590144', '2022-06-04 01:42:52.590144', 10, 90),
(867, '2022-06-04 01:42:52.609359', '2022-06-04 01:42:52.609359', 10, 85),
(868, '2022-06-04 01:42:52.624457', '2022-06-04 01:42:52.624457', 10, 2),
(869, '2022-06-30 22:01:09.483620', '2022-06-30 22:01:09.483620', 12, 1),
(870, '2022-06-30 22:01:09.489723', '2022-06-30 22:01:09.489723', 12, 96),
(871, '2022-06-30 22:01:09.495022', '2022-06-30 22:01:09.495022', 12, 45),
(872, '2022-06-30 22:01:09.502349', '2022-06-30 22:01:09.502349', 12, 43),
(873, '2022-06-30 22:01:09.509389', '2022-06-30 22:01:09.509389', 12, 49),
(874, '2022-06-30 22:01:09.514241', '2022-06-30 22:01:09.514241', 12, 86),
(875, '2022-06-30 22:01:09.522315', '2022-06-30 22:01:09.522315', 12, 47),
(876, '2022-06-30 22:01:09.528464', '2022-06-30 22:01:09.528464', 12, 48),
(877, '2022-06-30 22:01:09.542968', '2022-06-30 22:01:09.542968', 12, 97),
(878, '2022-06-30 22:01:09.554075', '2022-06-30 22:01:09.554075', 12, 59),
(879, '2022-06-30 22:01:09.558213', '2022-06-30 22:01:09.558213', 12, 60),
(880, '2022-06-30 22:01:09.562998', '2022-06-30 22:01:09.562998', 12, 61),
(881, '2022-06-30 22:01:09.567946', '2022-06-30 22:01:09.567946', 12, 62),
(882, '2022-06-30 22:01:09.572557', '2022-06-30 22:01:09.572557', 12, 63),
(883, '2022-06-30 22:01:09.576664', '2022-06-30 22:01:09.576664', 12, 65),
(884, '2022-06-30 22:01:09.581716', '2022-06-30 22:01:09.581716', 12, 98),
(885, '2022-06-30 22:01:09.588009', '2022-06-30 22:01:09.588009', 12, 99),
(886, '2022-06-30 22:01:09.591914', '2022-06-30 22:01:09.591914', 12, 100),
(887, '2022-06-30 22:01:09.596699', '2022-06-30 22:01:09.596699', 12, 101),
(888, '2022-06-30 22:01:09.602025', '2022-06-30 22:01:09.602025', 12, 2),
(889, '2022-06-30 22:01:09.607131', '2022-06-30 22:01:09.607131', 12, 27),
(890, '2022-06-30 22:01:09.612577', '2022-06-30 22:01:09.612577', 12, 8),
(891, '2022-06-30 22:01:09.619526', '2022-06-30 22:01:09.619526', 12, 10),
(892, '2022-06-30 22:01:09.646066', '2022-06-30 22:01:09.646066', 12, 11),
(893, '2022-06-30 22:01:09.668821', '2022-06-30 22:01:09.668821', 12, 12),
(894, '2022-06-30 22:01:09.690870', '2022-06-30 22:01:09.690870', 12, 13),
(895, '2022-06-30 22:01:09.728347', '2022-06-30 22:01:09.728347', 12, 22),
(896, '2022-06-30 22:01:09.772308', '2022-06-30 22:01:09.772308', 12, 23),
(897, '2022-06-30 22:01:09.783334', '2022-06-30 22:01:09.783334', 12, 24),
(898, '2022-06-30 22:01:09.793135', '2022-06-30 22:01:09.793135', 12, 25),
(899, '2022-06-30 22:01:09.803516', '2022-06-30 22:01:09.803516', 12, 26),
(900, '2022-06-30 22:01:09.859331', '2022-06-30 22:01:09.859331', 12, 78),
(901, '2022-06-30 22:01:09.868203', '2022-06-30 22:01:09.868203', 12, 79),
(902, '2022-06-30 22:01:09.876132', '2022-06-30 22:01:09.876132', 12, 80),
(903, '2022-06-30 22:01:09.887729', '2022-06-30 22:01:09.887729', 12, 81),
(904, '2022-06-30 22:01:09.895223', '2022-06-30 22:01:09.895223', 12, 82),
(905, '2022-06-30 22:01:09.903058', '2022-06-30 22:01:09.903058', 12, 83),
(906, '2022-06-30 22:01:09.908725', '2022-06-30 22:01:09.908725', 12, 105),
(907, '2022-06-30 22:01:09.913010', '2022-06-30 22:01:09.913010', 12, 29),
(908, '2022-06-30 22:01:09.925983', '2022-06-30 22:01:09.925983', 12, 30),
(909, '2022-06-30 22:01:09.936564', '2022-06-30 22:01:09.936564', 12, 84),
(910, '2022-06-30 22:01:09.941498', '2022-06-30 22:01:09.941498', 12, 90),
(911, '2022-06-30 22:01:09.947655', '2022-06-30 22:01:09.947655', 12, 85);

INSERT INTO `base_sys_user` (`id`, `createTime`, `updateTime`, `departmentId`, `username`, `password`, `passwordV`, `phone`, `email`, `socketId`, `createBy`, `updateBy`, `status`, `firstName`, `lastName`, `idCard`, `birthday`, `headImg`, `gender`, `remark`, `intro`, `deleteBy`, `deleteTime`, `emailVerify`, `identifyVerify`) VALUES
(1, '2021-02-24 21:16:41.525157', '2022-11-01 15:53:39.005818', 1, 'admin', '4297f44b13955235245b2497399d7a93', 16, NULL, NULL, NULL, 0, 0, 'normal', 'Bryan', 'Chang', NULL, NULL, NULL, 'male', NULL, NULL, NULL, NULL, 'unverified', 'unverified'),
(30, '2022-05-15 23:08:18.000000', '2022-09-05 15:42:40.000000', 15, '2084ca74ab8a', 'bdc87b9c894da5168059e00ebffb9077', 9, '0900000001', NULL, NULL, 0, 1, 'normal', '王', '大明', NULL, NULL, NULL, 'male', NULL, NULL, NULL, NULL, 'unverified', 'unverified'),
(31, '2022-05-16 21:09:53.000000', '2022-07-05 22:59:42.000000', 16, 'su', '4297f44b13955235245b2497399d7a93', 5, NULL, NULL, NULL, 0, 1, 'normal', '曾', '小喜', NULL, NULL, NULL, 'male', NULL, NULL, NULL, NULL, 'unverified', 'unverified'),
(43, '2022-05-16 23:58:41.000000', '2022-07-06 14:50:43.738700', 17, '886988038286', '4297f44b13955235245b2497399d7a93', 3, '0988038286', NULL, NULL, 0, 1, 'normal', '李', '璇璇', NULL, NULL, NULL, 'male', NULL, NULL, NULL, NULL, 'unverified', 'unverified'),
(44, '2022-06-24 03:57:41.000000', '2022-10-19 01:38:32.460648', 17, 'guest-tw', 'ed2b1f468c5f915f3f1cf75d7068baae', 1, '0903961834', NULL, NULL, 0, 1, 'normal', '蘇', '玲瓏', NULL, NULL, NULL, 'male', NULL, NULL, NULL, NULL, 'unverified', 'unverified'),
(46, '2022-06-30 21:45:11.000000', '2022-07-02 17:49:59.000000', 17, 'yunfan', '4297f44b13955235245b2497399d7a93', 1, NULL, NULL, NULL, 1, 1, 'normal', '黃', '韻凡', NULL, NULL, NULL, 'male', NULL, NULL, NULL, NULL, 'unverified', 'unverified'),
(52, '2022-07-05 22:59:22.000000', '2022-07-05 22:59:22.000000', 15, 'zhen168', '4297f44b13955235245b2497399d7a93', 1, NULL, NULL, NULL, 1, 1, 'normal', '曾', '小米', NULL, NULL, NULL, 'male', NULL, NULL, NULL, NULL, 'unverified', 'unverified'),
(59, '2022-07-06 15:08:18.000000', '2022-11-03 22:59:18.215449', 15, '886953705508', '02edcc5d0cd445b1682c3346829eb79d', 9, '0953705503', 'zz02846584zz2@gmail.com', NULL, 59, 1, 'normal', '張', '懿人', 'H124738082', '1994-08-06', NULL, 'male', NULL, '<p>這是阿仁的自我介紹~~~~</p>', NULL, NULL, 'verify', 'pending'),
(61, '2022-11-03 22:42:22.178401', '2022-11-15 01:21:24.000000', 16, '951af265d3b53d3b', '02edcc5d0cd445b1682c3346829eb79d', 4, '0953705508', 'zz02846584zz@gmail.com', NULL, 61, 61, 'normal', '張', '懿人', 'H124638086', '1994-08-06', NULL, 'male', NULL, '<p>我阿仁啦</p>', NULL, NULL, 'verify', 'pending');

INSERT INTO `base_sys_user_identity` (`id`, `createTime`, `updateTime`, `positive`, `negative`, `userId`, `createBy`, `updateBy`, `idCard`) VALUES
(2, '2022-07-06 15:58:16.907554', '2022-11-03 20:23:32.000000', 'http://127.0.0.1:8001/public/uploads/20221103/ca6d1333-b0c5-481a-991b-120692fadea1.png', 'http://127.0.0.1:8001/public/uploads/20221103/17388b4f-a641-4b48-8004-c7805b4de05c.png', 59, 59, 59, 'H124738082'),
(9, '2022-11-03 23:00:38.093673', '2022-11-03 23:00:38.093673', 'http://127.0.0.1:8001/public/uploads/20221103/1b4d50f0-25a0-4f56-8f0b-81a4f16eaa60.png', 'http://127.0.0.1:8001/public/uploads/20221103/b87c581d-96d9-4ce5-9047-5e08603bace0.png', 61, 61, 61, 'H124638086');

INSERT INTO `base_sys_user_role` (`id`, `createTime`, `updateTime`, `userId`, `roleId`) VALUES
(1, '2021-02-24 22:03:11.665805', '2021-02-24 22:03:11.665805', 1, 1),
(2, '2021-02-25 11:03:55.325988', '2021-02-25 11:03:55.325988', 2, 1),
(3, '2021-02-25 14:30:57.295150', '2021-02-25 14:30:57.295150', 3, 1),
(4, '2021-02-25 14:39:32.975014', '2021-02-25 14:39:32.975014', 4, 1),
(5, '2021-02-25 14:40:56.812948', '2021-02-25 14:40:56.812948', 5, 1),
(6, '2021-02-25 14:44:08.436555', '2021-02-25 14:44:08.436555', 6, 1),
(7, '2021-02-25 14:46:17.409232', '2021-02-25 14:46:17.409232', 7, 1),
(8, '2021-02-25 14:47:47.211749', '2021-02-25 14:47:47.211749', 8, 1),
(9, '2021-02-25 14:48:11.734024', '2021-02-25 14:48:11.734024', 9, 1),
(10, '2021-02-25 14:50:48.288616', '2021-02-25 14:50:48.288616', 10, 1),
(11, '2021-02-25 14:51:32.123884', '2021-02-25 14:51:32.123884', 11, 1),
(12, '2021-02-25 15:46:26.356943', '2021-02-25 15:46:26.356943', 12, 1),
(13, '2021-02-25 15:56:43.475155', '2021-02-25 15:56:43.475155', 13, 1),
(14, '2021-02-25 16:03:14.417784', '2021-02-25 16:03:14.417784', 14, 1),
(16, '2021-02-25 16:22:11.200152', '2021-02-25 16:22:11.200152', 16, 1),
(17, '2021-02-25 17:44:37.635550', '2021-02-25 17:44:37.635550', 15, 1),
(19, '2021-02-25 17:51:00.554812', '2021-02-25 17:51:00.554812', 18, 1),
(21, '2021-02-25 17:54:41.375113', '2021-02-25 17:54:41.375113', 17, 1),
(22, '2021-02-25 17:55:49.385301', '2021-02-25 17:55:49.385301', 20, 1),
(24, '2021-02-25 17:58:35.452363', '2021-02-25 17:58:35.452363', 22, 1),
(27, '2021-02-25 21:25:55.005236', '2021-02-25 21:25:55.005236', 19, 1),
(28, '2021-02-26 13:50:05.633242', '2021-02-26 13:50:05.633242', 21, 8),
(29, '2021-02-26 13:50:17.836990', '2021-02-26 13:50:17.836990', 23, 8),
(38, '2021-02-26 14:36:08.899046', '2021-02-26 14:36:08.899046', 26, 13),
(39, '2021-02-26 14:36:13.149510', '2021-02-26 14:36:13.149510', 25, 13),
(40, '2021-02-26 14:36:20.737073', '2021-02-26 14:36:20.737073', 27, 11),
(42, '2021-02-26 14:36:53.481478', '2021-02-26 14:36:53.481478', 24, 12),
(43, '2021-02-26 14:36:58.477817', '2021-02-26 14:36:58.477817', 28, 12),
(44, '2021-02-26 14:36:58.577114', '2021-02-26 14:36:58.577114', 28, 10),
(47, '2022-05-16 23:21:10.158621', '2022-05-16 23:21:10.158621', 32, 11),
(48, '2022-05-16 23:29:59.806724', '2022-05-16 23:29:59.806724', 33, 11),
(49, '2022-05-16 23:31:11.827039', '2022-05-16 23:31:11.827039', 34, 11),
(50, '2022-05-16 23:37:17.264227', '2022-05-16 23:37:17.264227', 35, 11),
(51, '2022-05-16 23:37:35.278638', '2022-05-16 23:37:35.278638', 36, 11),
(52, '2022-05-16 23:48:10.301004', '2022-05-16 23:48:10.301004', 37, 11),
(53, '2022-05-16 23:48:39.981245', '2022-05-16 23:48:39.981245', 38, 11),
(54, '2022-05-16 23:50:55.187208', '2022-05-16 23:50:55.187208', 39, 11),
(55, '2022-05-16 23:53:25.445337', '2022-05-16 23:53:25.445337', 40, 11),
(56, '2022-05-16 23:56:28.186873', '2022-05-16 23:56:28.186873', 41, 11),
(57, '2022-05-16 23:57:37.317437', '2022-05-16 23:57:37.317437', 42, 11),
(73, '2022-06-30 21:52:29.189289', '2022-06-30 21:52:29.189289', 51, 10),
(74, '2022-06-30 21:52:49.881546', '2022-06-30 21:52:49.881546', 46, 10),
(75, '2022-06-30 21:52:49.887232', '2022-06-30 21:52:49.887232', 46, 12),
(78, '2022-06-30 21:53:03.239135', '2022-06-30 21:53:03.239135', 44, 10),
(79, '2022-06-30 21:53:06.934969', '2022-06-30 21:53:06.934969', 43, 10),
(83, '2022-06-30 22:00:15.562204', '2022-06-30 22:00:15.562204', 45, 10),
(84, '2022-06-30 22:00:15.570790', '2022-06-30 22:00:15.570790', 45, 12),
(91, '2022-07-05 22:59:42.595428', '2022-07-05 22:59:42.595428', 31, 11),
(93, '2022-07-06 15:02:13.666855', '2022-07-06 15:05:02.888886', 58, 14),
(95, '2022-09-05 15:42:34.546215', '2022-09-05 15:42:34.546215', 59, 11),
(96, '2022-09-05 15:42:34.552218', '2022-09-05 15:42:34.552218', 59, 14),
(97, '2022-09-05 15:42:40.127874', '2022-09-05 15:42:40.127874', 30, 14),
(98, '2022-09-05 15:42:40.133136', '2022-09-05 15:42:40.133136', 30, 11),
(99, '2022-09-05 15:42:54.535691', '2022-09-05 15:42:54.535691', 52, 14),
(100, '2022-09-05 15:42:54.543050', '2022-09-05 15:42:54.543050', 52, 11),
(101, '2022-11-03 22:42:22.205908', '2022-11-03 22:42:22.205908', 61, 11);

INSERT INTO `industry_category` (`id`, `createTime`, `updateTime`, `name`, `description`, `slug`, `parentId`, `icon`, `orderNum`) VALUES
(5, '2022-05-23 15:55:23.574000', '2022-05-25 21:53:44.636597', '化學品原物料', '<p>化學品原物料</p>', 'chemical-raw-materials', NULL, NULL, 0),
(17, '2022-05-23 23:17:55.588000', '2022-11-15 18:44:00.111000', '應用科技趨勢', '<p>應用科技趨勢</p>', 'applied-tech-trend', NULL, NULL, 1),
(18, '2022-05-23 23:18:24.442000', '2022-05-25 21:53:44.636597', '航太-衛星材料', '<p>航太-衛星材料</p>', 'aerospace-satellite-materials', 17, NULL, 0),
(19, '2022-05-23 23:19:09.741000', '2022-05-25 21:53:44.636597', '元宇宙-拉伸可修復塗料', '<p>元宇宙-拉伸可修復塗料</p>', 'metaverse-stretch-repairable-paint', 17, NULL, 1),
(20, '2022-05-23 23:19:47.376000', '2022-05-25 21:53:44.636597', '消費性電子', '<p>消費性電子</p>', 'consumer-electronics', 17, NULL, 2),
(21, '2022-05-23 23:20:07.258000', '2022-05-25 21:53:44.636597', '電動車', '<p>電動車</p>', 'electric-vehicles', 17, NULL, 3),
(22, '2022-05-23 23:20:24.721000', '2022-05-25 21:53:44.636597', '半導體', '<p>半導體</p>', 'semiconductor', 17, NULL, 4),
(23, '2022-05-23 23:20:49.709000', '2022-05-25 21:53:44.636597', '5G通訊', '<p>5G通訊-高頻高速材料</p>', '5g', 17, NULL, 5),
(24, '2022-05-23 23:21:12.042000', '2022-05-25 21:53:44.636597', 'micro LED', '<p>micro LED-散熱材料</p>', 'micro-led', 17, NULL, 6),
(25, '2022-05-23 23:21:41.372000', '2022-05-25 21:53:44.636597', '電動車+元宇宙', '<p>電動車+元宇宙-拉伸導電塗料</p>', 'electric-vehicle-metaverse', 17, NULL, 7),
(26, '2022-05-23 23:22:11.359000', '2022-05-25 21:53:44.636597', '軍防', '<p>軍防-隱形塗料(Nano)</p>', 'military-defense', 17, NULL, 8),
(27, '2022-05-23 23:22:37.771000', '2022-05-25 21:53:44.636597', '綠能循環能', '<p>綠能循環能-新能源</p>', 'green-energy-recycling', 17, NULL, 9),
(29, '2022-05-23 23:23:47.601000', '2022-06-30 01:06:52.544309', '其他應用科技', '<p>其他應用科技</p>', 'other-tech', 17, NULL, 10),
(30, '2022-11-15 18:17:47.043000', '2022-11-15 18:38:24.436576', '有機小分子', NULL, 'small-organic-molecules', 5, NULL, 0),
(31, '2022-11-15 18:17:47.043000', '2022-11-15 18:17:47.043000', '有機高分子', NULL, 'organic-polymer', 5, NULL, 1),
(32, '2022-11-15 18:17:47.043000', '2022-11-15 18:17:47.043000', '無機顏料/填料', NULL, 'inorganic-pigments-fillers', 5, NULL, 2),
(33, '2022-11-15 18:17:47.043000', '2022-11-15 18:17:47.043000', '塗料助劑', NULL, 'coating-additives', 5, NULL, 3),
(34, '2022-11-15 18:17:47.043000', '2022-11-15 18:17:47.043000', '溶劑', NULL, 'solvent', 5, NULL, 4),
(35, '2022-11-15 18:17:47.043000', '2022-11-15 18:17:47.043000', '設備建置', NULL, 'equipment-construction', 5, NULL, 5),
(36, '2022-11-15 18:17:47.043000', '2022-11-15 18:17:47.043000', '塗裝工藝', NULL, 'coating-process', 5, NULL, 6);

INSERT INTO `news_article_collection` (`id`, `createTime`, `updateTime`, `articleId`, `userId`) VALUES
(13, '2022-09-05 17:04:17.350907', '2022-09-05 17:04:17.350907', 21, 59),
(14, '2022-09-05 17:13:39.843956', '2022-09-05 17:13:39.843956', 22, 59),
(15, '2022-09-05 17:15:25.883988', '2022-09-05 17:15:25.883988', 12, 59),
(16, '2022-09-07 16:13:16.726646', '2022-09-07 16:13:16.726646', 16, 59),
(21, '2022-10-13 00:36:11.542298', '2022-10-13 00:36:11.542298', 19, 59),
(22, '2022-10-13 13:06:59.754290', '2022-10-13 13:06:59.754290', 15, 59),
(23, '2022-11-03 23:33:28.357317', '2022-11-03 23:33:28.357317', 15, 61),
(24, '2022-11-03 23:33:38.242787', '2022-11-03 23:33:38.242787', 21, 61),
(25, '2022-11-04 03:54:14.802271', '2022-11-04 03:54:14.802271', 16, 61),
(26, '2022-11-05 16:04:57.309861', '2022-11-05 16:04:57.309861', 13, 61),
(27, '2022-11-15 17:06:18.890524', '2022-11-15 17:06:18.890524', 19, 61);

INSERT INTO `news_article_like` (`id`, `createTime`, `updateTime`, `articleId`, `userId`) VALUES
(38, '2022-08-28 16:55:42.759461', '2022-08-28 16:55:42.759461', 3, 59);

INSERT INTO `space_info` (`id`, `createTime`, `updateTime`, `url`, `type`, `classifyId`) VALUES
(3, '2022-08-16 21:39:13.481000', '2022-08-16 21:39:13.481000', 'http://127.0.0.1:8001/public/uploads/20220816/7447e12b-39b0-4f5f-b419-3cd5ffe8848a_GettyImages-692869882.jpeg', 'image', 2),
(4, '2022-08-16 21:39:17.451000', '2022-08-16 21:39:17.451000', 'http://127.0.0.1:8001/public/uploads/20220816/83342bca-6cc3-4093-a1bf-f012c889521a_WBCSD-Chemicals-Grou_i1140.jpeg', 'image', 2),
(5, '2022-08-16 22:12:43.885000', '2022-08-16 22:12:43.885000', 'http://127.0.0.1:8001/public/uploads/20220816/fed4713b-4073-45c4-a195-aaac8c402c8b_CleanShot 2022-07-01 at 02.54.46.mp4', 'file', NULL),
(6, '2022-08-17 20:47:13.869000', '2022-08-17 20:47:13.869000', 'http://127.0.0.1:8001/public/uploads/20220817/d0c072a3-5715-47f3-b5e1-642aa6e7e0b0_1b6d4odnzuexfnl3rxnxv8ddyvfntw.jpeg', 'image', 2);

INSERT INTO `space_type` (`id`, `createTime`, `updateTime`, `name`, `parentId`) VALUES
(1, '2022-05-17 16:04:37.272000', '2022-05-17 16:04:37.272000', '小知識', NULL),
(2, '2022-05-17 16:04:41.362000', '2022-05-17 16:04:41.362000', '新聞', NULL);

INSERT INTO `task_info` (`id`, `createTime`, `updateTime`, `jobId`, `repeatConf`, `name`, `cron`, `limit`, `every`, `remark`, `status`, `startDate`, `endDate`, `data`, `service`, `type`, `nextRunTime`, `taskType`) VALUES
(1, '2021-03-10 14:25:13.381172', '2021-03-10 14:25:19.011000', NULL, '{\"count\":1,\"type\":1,\"limit\":5,\"name\":\"每秒执行,总共5次\",\"taskType\":1,\"every\":1000,\"service\":\"taskDemoService.test()\",\"status\":1,\"id\":1,\"createTime\":\"2021-03-10 14:25:13\",\"updateTime\":\"2021-03-10 14:25:13\",\"jobId\":1}', '每秒执行,总共5次', NULL, 5, 1000, NULL, 0, NULL, NULL, NULL, 'taskDemoService.test()', 1, '2021-03-10 14:25:18', 1),
(2, '2021-03-10 14:25:53.000000', '2022-05-30 19:55:01.818168', NULL, '{\"jobId\":2,\"cron\":\"0/5 * * * * ? \",\"count\":1}', 'cron任务，5秒执行一次', '0/5 * * * * ? ', NULL, NULL, NULL, 0, NULL, NULL, NULL, 'taskDemoService.test()', 1, NULL, 0);

INSERT INTO `task_log` (`id`, `createTime`, `updateTime`, `taskId`, `status`, `detail`) VALUES
(1, '2021-03-10 14:25:14.020930', '2021-03-10 14:25:14.020930', 1, 1, '\"任务执行成功\"'),
(2, '2021-03-10 14:25:15.012030', '2021-03-10 14:25:15.012030', 1, 1, '\"任务执行成功\"'),
(3, '2021-03-10 14:25:16.011443', '2021-03-10 14:25:16.011443', 1, 1, '\"任务执行成功\"'),
(4, '2021-03-10 14:25:17.009939', '2021-03-10 14:25:17.009939', 1, 1, '\"任务执行成功\"'),
(5, '2021-03-10 14:25:18.010410', '2021-03-10 14:25:18.010410', 1, 1, '\"任务执行成功\"'),
(6, '2021-03-10 14:25:55.012816', '2021-03-10 14:25:55.012816', 2, 1, ''),
(7, '2021-03-10 14:26:00.011880', '2021-03-10 14:26:00.011880', 2, 1, ''),
(8, '2021-03-10 14:26:05.016832', '2021-03-10 14:26:05.016832', 2, 1, '\"任务执行成功\"'),
(9, '2021-03-10 14:26:10.011763', '2021-03-10 14:26:10.011763', 2, 1, '\"任务执行成功\"'),
(10, '2021-03-10 14:26:15.010246', '2021-03-10 14:26:15.010246', 2, 1, '\"任务执行成功\"'),
(11, '2022-05-30 19:54:55.124257', '2022-05-30 19:54:55.124257', 2, 1, '\"任务执行成功\"'),
(12, '2022-05-30 19:55:00.066587', '2022-05-30 19:55:00.066587', 2, 1, '\"任务执行成功\"');

INSERT INTO `tip` (`id`, `createTime`, `updateTime`, `title`, `publishDate`, `status`, `content`) VALUES
(2, '2022-06-30 15:43:28.538000', '2022-06-30 15:43:28.538000', '今日小知識', '2022-06-30', 'published', ''),
(3, '2022-06-30 15:43:42.000000', '2022-07-05 23:31:13.000000', '小知識標題', '2022-07-05', 'published', ''),
(4, '2022-08-16 12:05:32.000000', '2022-11-03 23:57:20.000000', '小知識測試', '2022-11-03', 'published', '<h1><span style=\"background-color: transparent;\">10 Blog Examples for Your Inspiration</span></h1><p><br></p><p><span style=\"background-color: transparent;\"><img src=\"https://static.wixstatic.com/media/0e0314_46871fae1bae4ead92d0eb9c0cd07dfe~mv2.png/v1/fill/w_1158,h_662,al_c,q_90,usm_0.66_1.00_0.01,enc_auto/0e0314_46871fae1bae4ead92d0eb9c0cd07dfe~mv2.png\"></span></p><p><br></p><p><em style=\"background-color: transparent;\">This post was last updated on February 20, 2022.</em></p><p><br></p><p><span style=\"background-color: var(--ricos-custom-p-background-color,unset);\">Blogging has long been a popular way for people to express their passions, experiences and ideas with readers worldwide.</span></p><p><br></p><p><span style=\"background-color: var(--ricos-custom-p-background-color,unset);\">A blog can be its own website, or an add-on to an existing site. Whichever option you choose, it serves as a space to share your story or market your expertise in your own words, with your own visual language to match.</span></p><p><br></p><p><span style=\"background-color: var(--ricos-custom-p-background-color,unset);\">To help </span><a href=\"https://www.wix.com/start/blog\" rel=\"noopener noreferrer\" target=\"_blank\" style=\"background-color: transparent; color: var(--ricos-custom-link-color,var(--ricos-action-color,#0261ff));\">create a blog</a><span style=\"background-color: var(--ricos-custom-p-background-color,unset);\"> of your own, we’ve compiled this selection of ten blog examples. They’re packed with all the design wisdom you need to transform your blog into one of the best in the business.</span></p><p><br></p><p><br></p><h3><span style=\"background-color: var(--ricos-custom-h3-background-color,unset);\">10 inspiring blog examples</span></h3><ol><li><a href=\"https://www.wix.com/blog/2018/08/blog-examples/#viewer-2iqlc\" rel=\"noopener noreferrer\" target=\"_blank\" style=\"color: var(--ricos-custom-link-color,var(--ricos-action-color,#0261ff)); background-color: transparent;\">Zion Adventure Photog</a> </li><li><a href=\"https://www.wix.com/blog/2018/08/blog-examples/#viewer-6atle\" rel=\"noopener noreferrer\" target=\"_blank\" style=\"color: var(--ricos-custom-link-color,var(--ricos-action-color,#0261ff)); background-color: transparent;\">Mrs. Space Cadet</a> </li><li><a href=\"https://www.wix.com/blog/2018/08/blog-examples/#viewer-bdb1l\" rel=\"noopener noreferrer\" target=\"_blank\" style=\"color: var(--ricos-custom-link-color,var(--ricos-action-color,#0261ff)); background-color: transparent;\">Simply Tabitha</a> </li><li><a href=\"https://www.wix.com/blog/2018/08/blog-examples/#viewer-e60qv\" rel=\"noopener noreferrer\" target=\"_blank\" style=\"color: var(--ricos-custom-link-color,var(--ricos-action-color,#0261ff)); background-color: transparent;\">Lizzy Hadfield</a> </li><li><a href=\"https://www.wix.com/blog/2018/08/blog-examples/#viewer-9m9f7\" rel=\"noopener noreferrer\" target=\"_blank\" style=\"color: var(--ricos-custom-link-color,var(--ricos-action-color,#0261ff)); background-color: transparent;\">Suvelle Cuisine</a> </li><li><a href=\"https://www.wix.com/blog/2018/08/blog-examples/#viewer-4uo07\" rel=\"noopener noreferrer\" target=\"_blank\" style=\"color: var(--ricos-custom-link-color,var(--ricos-action-color,#0261ff)); background-color: transparent;\">Mikaela Reuben</a> </li><li><a href=\"https://www.wix.com/blog/2018/08/blog-examples/#viewer-4el2c\" rel=\"noopener noreferrer\" target=\"_blank\" style=\"color: var(--ricos-custom-link-color,var(--ricos-action-color,#0261ff)); background-color: transparent;\">Seasons in Colour</a> </li><li><a href=\"https://www.wix.com/blog/2018/08/blog-examples/#viewer-70gcl\" rel=\"noopener noreferrer\" target=\"_blank\" style=\"color: var(--ricos-custom-link-color,var(--ricos-action-color,#0261ff)); background-color: transparent;\">Not Another Cooking Show</a> </li><li><a href=\"https://www.wix.com/blog/2018/08/blog-examples/#viewer-4tr94\" rel=\"noopener noreferrer\" target=\"_blank\" style=\"color: var(--ricos-custom-link-color,var(--ricos-action-color,#0261ff)); background-color: transparent;\">Roshini Kumar</a> </li><li><a href=\"https://www.wix.com/blog/2018/08/blog-examples/#viewer-1ophb\" rel=\"noopener noreferrer\" target=\"_blank\" style=\"color: var(--ricos-custom-link-color,var(--ricos-action-color,#0261ff)); background-color: transparent;\">Olivia and Laura</a> </li></ol><p><br></p><p><br></p><h3><span style=\"background-color: var(--ricos-custom-h3-background-color,unset);\">01. </span><a href=\"https://www.zionadventurephotog.com/\" rel=\"noopener noreferrer\" target=\"_blank\" style=\"background-color: transparent; color: var(--ricos-custom-link-color,var(--ricos-action-color,#0261ff));\">Zion Adventure Photog</a></h3><p><br></p><p><span style=\"background-color: var(--ricos-custom-p-background-color,unset);\">When you\'re first approaching the question of</span><a href=\"https://www.wix.com/blog/2021/02/how-to-start-a-blog/\" rel=\"noopener noreferrer\" target=\"_blank\" style=\"background-color: transparent; color: var(--ricos-custom-link-color,var(--ricos-action-color,#0261ff));\"> how to start a blog</a><span style=\"background-color: var(--ricos-custom-p-background-color,unset);\">, check out Zion Adventure Photog. The blog has a dual purpose: owner Arika’s photography portfolio and establishing her expertise of the Zion area. With these, she’s able to</span><a href=\"https://www.wix.com/blog/2020/12/how-to-make-money-blogging/\" rel=\"noopener noreferrer\" target=\"_blank\" style=\"background-color: transparent; color: var(--ricos-custom-link-color,var(--ricos-action-color,#0261ff));\"> make money blogging</a><span style=\"background-color: var(--ricos-custom-p-background-color,unset);\">.</span></p><p><br></p><p><span style=\"background-color: var(--ricos-custom-p-background-color,unset);\">The blog’s ruggedly playful green and yellow color scheme evokes nature and sunshine. The blog’s homepage features visual testimonials of happy clients enjoying their adventures. She embeds her Instagram Feed directly onto her site, spreading the word about her service and drawing people deeper into her brand.</span></p><p><br></p><p><span style=\"background-color: var(--ricos-custom-p-background-color,unset);\">The blog design mirrors its content in depth and expertise. Detailed posts provide detailed guidance on activities such as canyoneering and hiking. From the written content, it’s clear that Arika is an expert in her field, and the visuals confirm her photography skills.</span></p><p><br></p><p><br></p><p><a href=\"https://www.zionadventurephotog.com/\" rel=\"noopener noreferrer\" target=\"_blank\" style=\"background-color: transparent;\"><img src=\"https://static.wixstatic.com/media/0e0314_3aecf0e7e284411bab905cec387ce685~mv2.png/v1/fill/w_1158,h_2300,al_c,q_95,usm_0.66_1.00_0.01,enc_auto/0e0314_3aecf0e7e284411bab905cec387ce685~mv2.png\" alt=\"zion adventure photog\"></a></p><p><br></p><h3><span style=\"background-color: var(--ricos-custom-h3-background-color,unset);\">02.</span><strong style=\"background-color: transparent;\"> </strong><a href=\"https://www.mrsspacecadet.com/\" rel=\"noopener noreferrer\" target=\"_blank\" style=\"background-color: transparent; color: rgb(17, 85, 204);\"><strong>Mrs. Space Cadet</strong></a></h3><p><span style=\"background-color: var(--ricos-custom-p-background-color,unset);\">On this blog’s </span><em style=\"background-color: transparent;\">My Story</em><span style=\"background-color: var(--ricos-custom-p-background-color,unset);\"> page, the creator explains how she couldn’t find an online space that featured anything other than people’s perfect marathon training journeys. In response, she created this wonderfully authentic blog highlighting her, “Running through life one struggle at a time.”</span></p><p><br></p><p><span style=\"background-color: var(--ricos-custom-p-background-color,unset);\">The top fold features an image of the creator wearing crooked glasses and running on a treadmill with roller skates—a perfect embodiment of her </span><a href=\"https://www.wix.com/blog/2017/11/how-to-write-catchy-blog-titles/\" rel=\"noopener noreferrer\" target=\"_blank\" style=\"background-color: transparent; color: var(--ricos-custom-link-color,var(--ricos-action-color,#0261ff));\">blog title</a><span style=\"background-color: var(--ricos-custom-p-background-color,unset);\">. Her site features individual pages for her blog, podcast and </span><a href=\"https://www.wix.com/ecommerce/website\" rel=\"noopener noreferrer\" target=\"_blank\" style=\"background-color: transparent; color: var(--ricos-custom-link-color,var(--ricos-action-color,#0261ff));\">online store</a><span style=\"background-color: var(--ricos-custom-p-background-color,unset);\"> and includes links to her social media, all areas where she shares her incredibly relatable content. </span></p><p><br></p><p><br></p><p><a href=\"https://www.mrsspacecadet.com/\" rel=\"noopener noreferrer\" target=\"_blank\" style=\"background-color: transparent;\"><img src=\"https://static.wixstatic.com/media/0e0314_f270b2afef02435f811f5575055d7525~mv2.png/v1/fill/w_1158,h_1986,al_c,q_95,usm_0.66_1.00_0.01,enc_auto/0e0314_f270b2afef02435f811f5575055d7525~mv2.png\" alt=\"mrs. space cadet\"></a></p><p><br></p><p><br></p><h3><span style=\"background-color: var(--ricos-custom-h3-background-color,unset);\">03. </span><a href=\"https://www.simplytabitha.com/blog\" rel=\"noopener noreferrer\" target=\"_blank\" style=\"background-color: transparent; color: var(--ricos-custom-link-color,var(--ricos-action-color,#0261ff));\">Simply Tabitha</a></h3><p><br></p><p><span style=\"background-color: var(--ricos-custom-p-background-color,unset);\">Tabitha\'s</span><a href=\"https://www.wix.com/blog/2020/12/personal-blog-tips/\" rel=\"noopener noreferrer\" target=\"_blank\" style=\"background-color: transparent; color: var(--ricos-custom-link-color,var(--ricos-action-color,#0261ff));\"> personal blog</a><span style=\"background-color: var(--ricos-custom-p-background-color,unset);\"> is a stellar example of how sharing your thoughts and advice can powerfully build your online brand. She dishes out fashion and beauty advice in her blog posts then helps her audience of mommas replicate her look with a </span><em style=\"background-color: transparent;\">Shop the Post</em><span style=\"background-color: var(--ricos-custom-p-background-color,unset);\"> widget at the end. And with Pinterest\'s Save buttons hovering over each picture, fans can keep her glamorous aesthetic on hand for inspiration.</span></p><p><br></p><p><span style=\"background-color: var(--ricos-custom-p-background-color,unset);\">Take note from this blog example—partnering with an affiliate and linking out to recommended products in your posts is a great way to</span><a href=\"https://www.wix.com/blog/2019/01/how-to-monetize-blog/\" rel=\"noopener noreferrer\" target=\"_blank\" style=\"background-color: transparent; color: var(--ricos-custom-link-color,var(--ricos-action-color,#0261ff));\"> monetize your blog</a><span style=\"background-color: var(--ricos-custom-p-background-color,unset);\">, as you’ll earn a commission for every sale that comes through your site.</span></p><p><br></p><p><br></p><p><a href=\"https://www.simplytabitha.com/blog\" rel=\"noopener noreferrer\" target=\"_blank\" style=\"background-color: transparent;\"><img src=\"https://static.wixstatic.com/media/0e0314_d37e25d2e6e046aea2e48d950f350e05~mv2.png/v1/fill/w_1158,h_1486,al_c,q_90,usm_0.66_1.00_0.01,enc_auto/0e0314_d37e25d2e6e046aea2e48d950f350e05~mv2.png\" alt=\"simply tabitha\"></a></p><p><br></p><p><br></p>');

INSERT INTO `tip_collection` (`id`, `createTime`, `updateTime`, `tipId`, `userId`) VALUES
(6, '2022-09-20 13:43:59.910548', '2022-09-20 13:43:59.910548', 4, 59),
(8, '2022-11-04 04:09:31.530360', '2022-11-04 04:09:31.530360', 4, 61);

INSERT INTO `tip_view` (`id`, `createTime`, `updateTime`, `tipId`, `userId`) VALUES
(1, '2022-07-05 23:27:20.345496', '2022-07-05 23:27:20.345496', 3, 45),
(2, '2022-08-16 12:15:33.911325', '2022-08-16 12:15:33.911325', 4, 59),
(3, '2022-11-03 23:57:29.428193', '2022-11-03 23:57:29.428193', 4, 61);



/*!40101 SET SQL_MODE=@OLD_SQL_MODE */;
/*!40014 SET FOREIGN_KEY_CHECKS=@OLD_FOREIGN_KEY_CHECKS */;
/*!40014 SET UNIQUE_CHECKS=@OLD_UNIQUE_CHECKS */;
/*!40101 SET CHARACTER_SET_CLIENT=@OLD_CHARACTER_SET_CLIENT */;
/*!40101 SET CHARACTER_SET_RESULTS=@OLD_CHARACTER_SET_RESULTS */;
/*!40101 SET COLLATION_CONNECTION=@OLD_COLLATION_CONNECTION */;
/*!40111 SET SQL_NOTES=@OLD_SQL_NOTES */;